id,category,date,platform,dropmod
m7jd054m,Any%,2026-03-27,PC,No Dropmod
med7l90y,Any%,2026-03-26,PC,Dropmod
zxp6l8gy,Any%,2026-03-20,PC,No Dropmod
mrw9p0gy,Any%,2026-03-19,PC,Dropmod
ydp52ejy,Any%,2026-03-12,PC,Dropmod
zpvr13vz,Any%,2026-03-10,PC,Dropmod
zxpvjoqy,Any%,2026-02-25,PC,Dropmod
mrwqvd8y,Any%,2026-02-25,PC,No Dropmod
z5n5d6dz,Any%,2026-02-18,PC,No Dropmod
mrwjw67y,Any%,2026-02-17,PlayStation 5,No Dropmod
zn5dd63z,Any%,2026-02-16,PlayStation 5,No Dropmod
z0kvqr4m,Any%,2026-02-15,PC,No Dropmod
zx512v5m,Any%,2026-02-07,PC,Dropmod
zg95eoem,Any%,2026-02-06,PC,Dropmod
z0k4o14m,Any%,2026-02-02,PC,Dropmod
yv5k666m,Any%,2026-02-01,PC,Dropmod
yw5oo70y,Any%,2026-01-31,PC,No Dropmod
y688xk0z,Any%,2026-01-23,PC,Dropmod
zx5pol5m,Any%,2026-01-14,PlayStation 5,No Dropmod
yv5nv6xm,Any%,2026-01-13,PC,No Dropmod
z0kdor8m,Any%,2026-01-01,PC,Dropmod
ydo2g0qz,Any%,2025-12-27,PC,No Dropmod
z0kj9jem,Any%,2025-12-18,PC,No Dropmod
y9w63pkz,Any%,2025-12-13,PC,Dropmod
zn5jqjlz,Any%,2025-12-13,Switch,No Dropmod
y40g1xdz,Any%,2025-12-12,PC,Dropmod
yo5dw6dz,Any%,2025-12-10,PC,No Dropmod
zx58lggm,Any%,2025-12-06,PC,Dropmod
yv5037om,Any%,2025-12-04,PC,Dropmod
mr56334y,Any%,2025-11-26,Switch,No Dropmod
yl5r68kz,Any%,2025-11-16,PC,Dropmod
yw5qen0y,Any%,2025-11-07,PlayStation 5,No Dropmod
y8nrn0dy,Any%,2025-10-30,PC,No Dropmod
y8n2w7ny,Any%,2025-10-17,PlayStation 5,No Dropmod
y8n11qdy,Any%,2025-10-11,PC,Dropmod
y8n99jwy,Any%,2025-10-04,PC,Dropmod
y4050qnz,Any%,2025-10-03,PC,No Dropmod
m32vv5gy,Any%,2025-09-29,PC,Dropmod
zg93lgvm,Any%,2025-09-24,PC,No Dropmod
zq5kn08z,Any%,2025-09-21,PC,No Dropmod
yljgvknm,Any%,2025-09-12,PC,No Dropmod
yoeg1gdz,Any%,2025-09-02,PC,No Dropmod
m3v4p84z,Any%,2025-08-31,PC,No Dropmod
zg6065em,Any%,2025-08-28,PC,Dropmod
zg6102nm,Any%,2025-08-26,PC,Dropmod
yw25gq9y,Any%,2025-08-17,PC,Dropmod
yljjk6xm,Any%,2025-08-10,PC,No Dropmod
zqp298xm,Any%,2025-08-06,PC,No Dropmod
yoex8e7z,Any%,2025-08-02,PC,No Dropmod
yjq997gm,Any%,2025-08-01,PC,No Dropmod
yv7xr4xy,Any%,2025-07-30,PC,Dropmod
yw2xp4py,Any%,2025-07-28,PC,Dropmod
zpoprenm,Any%,2025-07-19,PlayStation 4,No Dropmod
yoel84dz,Any%,2025-07-10,PlayStation 5,No Dropmod
z16q7r7m,Any%,2025-07-10,PC,No Dropmod
y9e6w9ez,Any%,2025-07-10,PC,Dropmod
yjq87gdm,Any%,2025-07-10,PC,Dropmod
yjq871dm,Any%,2025-07-10,PC,Dropmod
y8gxpknz,Any%,2025-07-03,PC,No Dropmod
z16gqrjm,Any%,2025-07-02,PC,No Dropmod
m3vg89qz,Any%,2025-05-27,PC,No Dropmod
y6jr1pjm,Any%,2025-05-27,PC,Dropmod
zqprrxrm,Any%,2025-05-09,PlayStation 4,No Dropmod
me281d8m,Any%,2025-05-04,PC,No Dropmod
mrd89d2z,Any%,2025-05-03,PC,Dropmod
yoe2je7z,Any%,2025-05-02,PC,Dropmod
yoe2o05z,Any%,2025-05-01,PC,No Dropmod
yd4q56vy,Any%,2025-04-26,PC,Dropmod
y8g3l61z,Any%,2025-04-24,PC,Dropmod
y28qjx5y,Any%,2025-04-24,PC,Dropmod
ylj3l33m,Any%,2025-04-22,PC,No Dropmod
y2nl21wy,Any%,2025-04-16,PC,Dropmod
zpk744xy,Any%,2025-04-14,PC,No Dropmod
z08gojom,Any%,2025-04-08,PC,Dropmod
zxj19lgy,Any%,2025-04-07,Xbox One,No Dropmod
m7ej4n0z,Any%,2025-03-30,PC,Dropmod
zgj1peez,Any%,2025-03-28,PC,No Dropmod
yjerj4dm,Any%,2025-03-26,PC,Dropmod
yvne4rxm,Any%,2025-03-25,PC,Dropmod
yje7j27m,Any%,2025-03-19,PC,No Dropmod
zq2p2r1z,Any%,2025-03-18,PlayStation 5,No Dropmod
z5lwew5y,Any%,2025-03-16,PC,Dropmod
mr005r7m,Any%,2025-03-12,PC,Dropmod
z5l832ny,Any%,2025-02-26,PC,No Dropmod
y2ng2gwy,Any%,2025-02-17,PC,No Dropmod
zq2j0e5z,Any%,2025-02-15,PC,No Dropmod
ylpnj8km,Any%,2025-02-12,PlayStation 4,No Dropmod
yoqlqvdz,Any%,2025-02-12,PC,Dropmod
zn9v2d7y,Any%,2025-02-12,PC,Dropmod
y6go270m,Any%,2025-02-11,PC,Dropmod
zn9j7p8y,Any%,2025-02-10,PC,Dropmod
zpkg3oxy,Any%,2025-02-09,PC,No Dropmod
zn9qd77y,Any%,2025-02-08,PC,Dropmod
m3wxk5gy,Any%,2025-02-05,PC,No Dropmod
yoqp9l7z,Any%,2025-01-28,PC,Dropmod
z08o42jm,Any%,2025-01-26,PC,Dropmod
y6gd4npm,Any%,2025-01-15,PlayStation 5,No Dropmod
zq21n35z,Any%,2025-01-14,PC,No Dropmod
y6gdgx0m,Any%,2025-01-14,PC,Dropmod
zxjg35qy,Any%,2025-01-13,PC,Dropmod
ywwqp49y,Any%,2025-01-11,PC,No Dropmod
ylpo8nnm,Any%,2025-01-09,PC,No Dropmod
y4j2jnqy,Any%,2025-01-08,PC,Dropmod
zn9oq1vy,Any%,2025-01-07,PC,Dropmod
z0894qom,Any%,2025-01-04,PC,Dropmod
men6ppqm,Any%,2025-01-03,PC,Dropmod
yje67pdm,Any%,2025-01-03,PC,No Dropmod
z1v173rz,Any%,2024-12-15,PC,No Dropmod
z5l5q0ey,Any%,2024-12-03,PC,Dropmod
z08e9ljm,Any%,2024-11-20,PC,No Dropmod
y9d4v5km,Any%,2024-11-20,PlayStation 5,No Dropmod
yoxw701y,Any%,2024-11-15,PlayStation 5,No Dropmod
z1ne59ry,Any%,2024-11-14,PlayStation 5,No Dropmod
y9dw66km,Any%,2024-10-27,PC,No Dropmod
ywx5099m,Any%,2024-10-25,PC,No Dropmod
yox5k90y,Any%,2024-10-24,PC,Dropmod
znx54j9y,Any%,2024-10-24,PC,No Dropmod
znxg98vy,Any%,2024-10-21,PC,Dropmod
zgo6ok0m,Any%,2024-10-21,PC,Dropmod
znxgklly,Any%,2024-10-18,PC,Dropmod
zpxo08vm,Any%,2024-10-17,PC,Dropmod
yoxxwd1y,Any%,2024-10-09,PC,Dropmod
mk11n61y,Any%,2024-10-09,PC,Dropmod
z0qq2k4m,Any%,2024-10-09,PC,Dropmod
z0qdee4m,Any%,2024-09-27,PC,Dropmod
z5g836dm,Any%,2024-09-27,Switch,No Dropmod
m7o3e89y,Any%,2024-09-24,PC,Dropmod
zpxd27vm,Any%,2024-09-04,PC,Dropmod
ylx7gdxy,Any%,2024-09-02,PC,Dropmod
y4lqxonz,Any%,2024-08-30,PC,No Dropmod
yvxr3poz,Any%,2024-08-28,PC,Dropmod
zxx70j8z,Any%,2024-08-27,PC,No Dropmod
y9dlnpem,Any%,2024-08-23,PC,No Dropmod
zpx3428m,Any%,2024-08-06,PC,No Dropmod
ywx8lonm,Any%,2024-07-31,PC,Dropmod
znxkwrly,Any%,2024-07-26,PC,Dropmod
y9d5g8em,Any%,2024-07-25,Switch,No Dropmod
z1n16wjy,Any%,2024-07-20,PC,Dropmod
zqq3g79z,Any%,2024-07-17,PC,No Dropmod
mrxqdq7m,Any%,2024-07-15,PlayStation 5,No Dropmod
yj9jrx3z,Any%,2024-07-10,PC,No Dropmod
z1nd08ry,Any%,2024-07-10,PC,No Dropmod
znxww28y,Any%,2024-07-05,PC,Dropmod
m7o1100y,Any%,2024-07-05,PC,Dropmod
zqqkkr1z,Any%,2024-07-05,PC,No Dropmod
zxqe3nem,Any%,2024-07-03,PC,Dropmod
zn2n1pvz,Any%,2024-06-25,PC,Dropmod
yvlk864z,Any%,2024-06-20,PC,Dropmod
y6v453pm,Any%,2024-06-18,PC,No Dropmod
zp6vk7vm,Any%,2024-06-16,PlayStation 5,No Dropmod
yo08px5y,Any%,2024-06-14,PlayStation 5,No Dropmod
zq8nk6rz,Any%,2024-06-11,PC,No Dropmod
z197q1rm,Any%,2024-06-08,PC,No Dropmod
z196v1jm,Any%,2024-06-03,PC,No Dropmod
z58l47jz,Any%,2024-05-29,PC,No Dropmod
m7ne154z,Any%,2024-05-24,PC,Dropmod
y9jd7wnm,Any%,2024-05-18,PC,No Dropmod
zglo320m,Any%,2024-05-18,PC,Dropmod
zxqxw68m,Any%,2024-05-18,PlayStation 5,No Dropmod
y466o1qz,Any%,2024-05-15,PC,Dropmod
z5887qez,Any%,2024-05-13,PC,Dropmod
zgl8pxnm,Any%,2024-05-09,PlayStation 4,No Dropmod
mewlvj0m,Any%,2024-05-01,PlayStation 4,No Dropmod
mrvo4lgz,Any%,2024-04-26,PC,Dropmod
mkpv9l5y,Any%,2024-04-25,PlayStation 5,No Dropmod
yld1w53m,Any%,2024-04-24,PC,Dropmod
yvl05e4z,Any%,2024-04-24,PC,Dropmod
y6vxj41m,Any%,2024-04-23,PC,Dropmod
y22epg6y,Any%,2024-04-21,PlayStation 4,No Dropmod
zxq820km,Any%,2024-04-20,PC,No Dropmod
yjopgx3z,Any%,2024-04-14,PC,No Dropmod
y9jv07nm,Any%,2024-04-13,PlayStation 4,No Dropmod
y8wjvpdy,Any%,2024-04-07,PC,No Dropmod
zp61k0gm,Any%,2024-03-29,PC,No Dropmod
mew92l2m,Any%,2024-03-24,PC,No Dropmod
mkp73oxy,Any%,2024-03-20,PC,No Dropmod
y9j14r2m,Any%,2024-03-19,PlayStation 5,No Dropmod
z19okrwm,Any%,2024-03-16,PlayStation 5,No Dropmod
m30gll6m,Any%,2024-03-16,PC,No Dropmod
z19o26gm,Any%,2024-03-15,PC,No Dropmod
z583765z,Any%,2024-03-14,PlayStation 4,No Dropmod
y6v5kw0m,Any%,2024-03-12,PlayStation 4,No Dropmod
z0d5014y,Any%,2024-03-11,PC,No Dropmod
ydn51gqm,Any%,2024-03-09,PC,No Dropmod
zn2krolz,Any%,2024-03-08,PC,No Dropmod
zxq2vvgm,Any%,2024-03-07,PC,No Dropmod
y46145kz,Any%,2024-03-06,PC,No Dropmod
m30167gm,Any%,2024-03-03,PC,No Dropmod
y461wgnz,Any%,2024-03-02,PlayStation 5,No Dropmod
yjo3kvoz,Any%,2024-03-01,PlayStation 5,No Dropmod
z581nqdz,Any%,2024-02-29,PlayStation 5,No Dropmod
yo02x1jy,Any%,2024-02-27,PlayStation 5,No Dropmod
y46361dz,Any%,2024-02-27,PC,No Dropmod
z58on5dz,Any%,2024-02-22,PC,No Dropmod
zq86we8z,Any%,2024-02-19,PC,No Dropmod
yld38q3m,Any%,2024-02-17,PC,No Dropmod
y8w3pr5y,Any%,2024-02-16,PC,No Dropmod
y6v3q1jm,Any%,2024-02-14,PC,No Dropmod
m73rr60y,Any%,2024-02-12,PlayStation 5,No Dropmod
m3ke296y,Any%,2024-02-11,PlayStation 5,No Dropmod
yllgv4ny,Any%,2024-02-07,PC,No Dropmod
yoow9vdy,Any%,2024-02-01,PC,No Dropmod
zppepvnz,Any%,2024-01-29,Xbox Series X,No Dropmod
yoogj95y,Any%,2024-01-25,PC,No Dropmod
yvve7e8y,Any%,2024-01-24,PC,No Dropmod
zppko2rz,Any%,2024-01-07,PC,No Dropmod
m3kw194y,Any%,2024-01-02,PC,No Dropmod
mr2v7g4y,Any%,2023-12-23,PC,No Dropmod
zneqx28z,Any%,2023-11-26,PC,No Dropmod
yoodow0y,Any%,2023-11-25,PC,No Dropmod
mkqe9j3m,Any%,2023-11-07,PlayStation 4,No Dropmod
ywnj7w9y,Any%,2023-11-07,PC,No Dropmod
z0xrjk4z,Any%,2023-10-26,PC,No Dropmod
zqdg0e8m,Any%,2023-10-16,PC,No Dropmod
y6q5e4jz,Any%,2023-10-05,PC,No Dropmod
z5kj0kgz,Any%,2023-10-02,PC,No Dropmod
zqd6ljxm,Any%,2023-09-17,PC,No Dropmod
y8k3kwwy,Any%,2023-09-09,PlayStation 4,No Dropmod
yongk75z,Any%,2023-08-20,PlayStation 5,No Dropmod
z0j22voy,Any%,2023-08-19,PC,No Dropmod
zpw5kggy,Any%,2023-08-12,PC,No Dropmod
yj27q8gm,Any%,2023-08-11,PC,No Dropmod
mk0rdolz,Any%,2023-08-11,PC,No Dropmod
m70v8k0y,Any%,2023-08-09,PlayStation 5,No Dropmod
zge9wdjy,Any%,2023-08-09,PlayStation 5,No Dropmod
ywrw91nm,Any%,2023-08-03,PC,No Dropmod
z0jqwgey,Any%,2023-07-24,PlayStation 5,No Dropmod
m3qknowy,Any%,2023-07-16,PC,No Dropmod
mrl2rj4m,Any%,2023-07-16,PC,No Dropmod
y86641dm,Any%,2023-07-14,PC,No Dropmod
y2gj655z,Any%,2023-07-09,PC,No Dropmod
zpwd5jgy,Any%,2023-07-04,PlayStation 5,No Dropmod
y98x1q2z,Any%,2023-07-01,PC,No Dropmod
ydjd4gqy,Any%,2023-06-29,PC,No Dropmod
mel3wl8z,Any%,2023-06-28,PC,No Dropmod
znv735vm,Any%,2023-06-20,PC,No Dropmod
ywrk27pm,Any%,2023-06-18,PC,No Dropmod
yvpo5r8y,Any%,2023-06-18,PlayStation 4,No Dropmod
y2g70g6z,Any%,2023-06-16,PlayStation 5,No Dropmod
y2gxgq5z,Any%,2023-06-11,PC,No Dropmod
ydj3780y,Any%,2023-05-12,PC,No Dropmod
mel81jqz,Any%,2023-05-09,PC,No Dropmod
znv8do8m,Any%,2023-05-06,PC,No Dropmod
mrlq592m,Any%,2023-05-05,PC,No Dropmod
z1l821wm,Any%,2023-04-20,PC,No Dropmod
z0n4258m,Any%,2023-04-09,PC,No Dropmod
yln21krz,Any%,2023-03-31,PC,No Dropmod
zpgvd8xz,Any%,2023-03-31,PC,No Dropmod
zqe5o8xz,Any%,2023-03-27,PC,No Dropmod
m3lwpr6m,Any%,2023-03-15,PC,No Dropmod
ywvgrn3z,Any%,2023-03-02,PC,No Dropmod
meel0d0m,Any%,2023-02-14,PC,No Dropmod
ydggl2wy,Any%,2023-02-12,PC,No Dropmod
mkvd535y,Any%,2023-02-06,PC,No Dropmod
zqe0x0rz,Any%,2023-01-29,PC,No Dropmod
zpg26x8z,Any%,2023-01-27,PlayStation 5,No Dropmod
zqevp28z,Any%,2023-01-22,PC,No Dropmod
yol6gr5y,Any%,2023-01-22,PC,No Dropmod
zqev115z,Any%,2023-01-20,PlayStation 4,No Dropmod
y9637g2y,Any%,2023-01-18,PC,No Dropmod
znj0kn9m,Any%,2023-01-18,PC,No Dropmod
ydgrk9jy,Any%,2023-01-17,PC,No Dropmod
z5ernxjz,Any%,2023-01-16,PC,No Dropmod
z5ere3dz,Any%,2023-01-15,PC,No Dropmod
z0nr958m,Any%,2023-01-13,PC,No Dropmod
mee91g9m,Any%,2023-01-08,PC,No Dropmod
m3lr0jwm,Any%,2023-01-08,PC,No Dropmod
y6o69lqy,Any%,2023-01-07,PC,No Dropmod
z5e007dz,Any%,2023-01-06,PC,No Dropmod
ydg0d8xy,Any%,2023-01-02,PC,No Dropmod
ydg019qy,Any%,2023-01-02,PC,No Dropmod
yj86d8nm,Any%,2023-01-02,PC,No Dropmod
z1q9pogy,Any%,2023-01-01,PlayStation 5,No Dropmod
y4gwp1ny,Any%,2022-12-30,PC,No Dropmod
mkv3ge5y,Any%,2022-12-26,PC,No Dropmod
mkv2k05y,Any%,2022-12-20,PlayStation 5,No Dropmod
ydg3rlwy,Any%,2022-12-11,PC,No Dropmod
zpgq92nz,Any%,2022-12-05,PC,No Dropmod
me0ro80z,Any%,2022-11-28,PlayStation 4,No Dropmod
z5xqpogy,Any%,2022-11-17,PC,No Dropmod
yv0dpqoz,Any%,2022-11-17,PC,No Dropmod
y4x4q6qz,Any%,2022-11-10,PC,No Dropmod
zx8r20qm,Any%,2022-11-08,PC,No Dropmod
yv0k4eoz,Any%,2022-11-07,PC,No Dropmod
yod89k0m,Any%,2022-11-02,PC,No Dropmod
znq6439z,Any%,2022-11-01,PC,No Dropmod
z0lkq38z,Any%,2022-10-29,PlayStation 4,No Dropmod
yw6wl93m,Any%,2022-10-17,PC,No Dropmod
zpdk9rgz,Any%,2022-10-13,PC,No Dropmod
y6olkr1y,Any%,2022-10-04,PC,No Dropmod
y8xw331m,Any%,2022-09-30,PC,No Dropmod
y6xq4p0y,Any%,2022-09-29,PC,No Dropmod
z0ln5loz,Any%,2022-09-15,PC,No Dropmod
znqj4pvz,Any%,2022-09-14,PC,No Dropmod
y8xx0ndm,Any%,2022-09-11,PC,No Dropmod
yw63wj9m,Any%,2022-09-08,PC,No Dropmod
mkd5083y,Any%,2022-08-29,PC,No Dropmod
m3xn1wgm,Any%,2022-08-19,PC,No Dropmod
m7xgj84y,Any%,2022-08-15,Xbox Series X,No Dropmod
yjdlpo3y,Any%,2022-08-14,PC,No Dropmod
y4xwrqnz,Any%,2022-08-13,PC,No Dropmod
y4xw3n2z,Any%,2022-08-12,PC,No Dropmod
zq9rpl5y,Any%,2022-08-11,PC,No Dropmod
y9x29rey,Any%,2022-08-06,PC,No Dropmod
me18482y,Any%,2022-08-06,PC,No Dropmod
y60kjdpy,Any%,2022-07-28,PlayStation 4,No Dropmod
z52qqvgz,Any%,2022-07-25,Xbox Series X,No Dropmod
y601lq1y,Any%,2022-07-22,Xbox Series X,No Dropmod
mkkr6g5m,Any%,2022-07-13,PC,No Dropmod
mr7vq98z,Any%,2022-06-21,PC,No Dropmod
y600g46y,Any%,2022-05-31,PC,No Dropmod
me33onqz,Any%,2022-05-29,PC,No Dropmod
zx7oleky,Any%,2022-05-20,Xbox One,No Dropmod
y2pde69z,Any%,2022-05-04,PlayStation 4,No Dropmod
znpkrwlm,Any%,2022-04-26,PC,No Dropmod
z5278wgz,Any%,2022-04-23,PC,No Dropmod
yl74g93m,Any%,2022-04-19,PC,No Dropmod
y2pqg57z,Any%,2022-04-17,PC,No Dropmod
y607w20y,Any%,2022-04-13,PC,No Dropmod
z52og4gz,Any%,2022-04-12,PC,No Dropmod
zx79r4qy,Any%,2022-04-08,PC,No Dropmod
zx795e8y,Any%,2022-04-07,PC,No Dropmod
z12wld9y,Any%,2022-03-30,PC,No Dropmod
y20lg55m,Any%,2022-03-30,PC,No Dropmod
yjxnx6oz,Any%,2022-03-29,PC,No Dropmod
ydw7wowm,Any%,2022-03-23,PC,No Dropmod
yvqd31em,Any%,2022-03-22,PC,No Dropmod
y48vpn3m,Any%,2022-03-16,PC,No Dropmod
ydw4pgjm,Any%,2022-03-03,PC,No Dropmod
zxljdpqz,Any%,2022-02-23,PC,No Dropmod
zgdjxxjz,Any%,2022-02-23,PC,No Dropmod
yorqd3dy,Any%,2022-02-23,PC,No Dropmod
m36jpqwm,Any%,2022-02-22,PC,No Dropmod
yjxe31oz,Any%,2022-02-22,PC,No Dropmod
ylex5drz,Any%,2022-02-20,PC,No Dropmod
y20wklwm,Any%,2022-02-19,PC,No Dropmod
zgdonqnz,Any%,2022-02-17,PC,No Dropmod
y202kr7m,Any%,2022-02-15,PC,No Dropmod
zn72578m,Any%,2022-02-15,PC,No Dropmod
y4866k3m,Any%,2022-02-14,PC,No Dropmod
mr6vg88m,Any%,2022-02-11,PC,No Dropmod
y48krjqm,Any%,2022-02-08,PC,No Dropmod
m7w332ez,Any%,2022-02-08,PC,No Dropmod
m36ko5dm,Any%,2022-02-05,PC,No Dropmod
zq0j8w8y,Any%,2022-02-04,PC,No Dropmod
z12lnpgy,Any%,2022-02-04,PC,No Dropmod
zgdedgdz,Any%,2022-02-03,PlayStation 5,No Dropmod
m36ljxwm,Any%,2022-01-30,PlayStation 5,No Dropmod
mr6o94gm,Any%,2022-01-28,PC,No Dropmod
z0one69z,Any%,2022-01-27,PC,No Dropmod
ydw140qm,Any%,2022-01-26,PC,No Dropmod
y20pogwm,Any%,2022-01-23,PC,No Dropmod
z12g139y,Any%,2022-01-23,PC,No Dropmod
z12g5r7y,Any%,2022-01-23,PC,No Dropmod
y6n07eqz,Any%,2022-01-18,PC,No Dropmod
zp223wxy,Any%,2022-01-15,PC,No Dropmod
zgddkwdz,Any%,2022-01-14,PC,No Dropmod
mej42w9y,Any%,2022-01-13,PC,No Dropmod
y9l3eqky,Any%,2022-01-13,PC,No Dropmod
zgdre2vz,Any%,2022-01-11,PC,No Dropmod
z5vd04dm,Any%,2022-01-10,PC,No Dropmod
y6nd100z,Any%,2022-01-09,PC,No Dropmod
ywjql83z,Any%,2022-01-09,PC,No Dropmod
y20xrpjm,Any%,2022-01-08,PC,No Dropmod
yleq83rz,Any%,2022-01-08,PC,No Dropmod
yor7w65y,Any%,2022-01-06,PC,No Dropmod
z0o97r4z,Any%,2021-12-29,PC,No Dropmod
yjx6xk7z,Any%,2021-12-29,PC,No Dropmod
yvq92gem,Any%,2021-12-28,PlayStation 4,No Dropmod
mr6kpkdm,Any%,2021-12-26,PC,No Dropmod
mke3o4xm,Any%,2021-12-25,PC,No Dropmod
m36opqgm,Any%,2021-12-17,PC,No Dropmod
z1219e9y,Any%,2021-12-14,PC,No Dropmod
y20q167m,Any%,2021-12-12,PC,No Dropmod
zxlvqokz,Any%,2021-12-09,Xbox One,No Dropmod
mr6qvx7m,Any%,2021-12-09,PC,No Dropmod
zxlvv0kz,Any%,2021-12-05,PC,No Dropmod
zn78k78m,Any%,2021-12-05,PC,No Dropmod
m7w123wz,Any%,2021-12-02,PC,No Dropmod
y69kk51y,Any%,2021-11-28,Xbox One,No Dropmod
z07vn84y,Any%,2021-11-27,PC,No Dropmod
m77ro74m,Any%,2021-11-27,Xbox One,No Dropmod
zn0d1g3y,Any%,2021-11-25,Xbox One,No Dropmod
zn0d449y,Any%,2021-11-24,Xbox One,No Dropmod
yde7v70m,Any%,2021-11-22,Xbox One,No Dropmod
me4q429y,Any%,2021-11-20,PC,No Dropmod
y47dxjky,Any%,2021-11-20,PC,No Dropmod
zgr0o0nm,Any%,2021-11-16,PC,No Dropmod
y8e4w8xy,Any%,2021-11-15,PC,No Dropmod
zn066d9y,Any%,2021-11-11,PC,No Dropmod
yj5rvpgm,Any%,2021-11-11,PC,No Dropmod
zgrj92dm,Any%,2021-10-24,PC,No Dropmod
zgrop80m,Any%,2021-10-16,PC,No Dropmod
ylrd88ny,Any%,2021-10-13,PC,No Dropmod
m37kk9qz,Any%,2021-10-05,PC,No Dropmod
y8ekw61y,Any%,2021-10-05,PC,No Dropmod
me40683y,Any%,2021-10-03,PC,No Dropmod
zxo350ez,Any%,2021-09-30,PC,No Dropmod
yo6n4xjy,Any%,2021-09-26,PC,No Dropmod
y93824ky,Any%,2021-09-26,PC,No Dropmod
y47g4d3y,Any%,2021-09-25,PC,No Dropmod
zxonjd8z,Any%,2021-09-24,PC,No Dropmod
m7721p4m,Any%,2021-09-20,PC,No Dropmod
ywkve2py,Any%,2021-09-20,PC,No Dropmod
yj5drkom,Any%,2021-09-19,PC,No Dropmod
y27elewz,Any%,2021-09-19,PC,No Dropmod
y27e5d9z,Any%,2021-09-15,PC,No Dropmod
ywk3o20y,Any%,2021-09-14,PC,No Dropmod
ydedxqvm,Any%,2021-09-13,PlayStation 4,No Dropmod
ywk3429y,Any%,2021-09-10,PC,No Dropmod
m7769g4m,Any%,2021-09-09,PC,No Dropmod
y8ej551y,Any%,2021-09-08,PC,No Dropmod
y8ejkk1y,Any%,2021-09-07,PlayStation 4,No Dropmod
m376nldz,Any%,2021-09-05,PlayStation 4,No Dropmod
yvooln6z,Any%,2021-09-02,PC,No Dropmod
z0775doy,Any%,2021-09-01,PC,No Dropmod
y472p5dy,Any%,2021-08-28,PC,No Dropmod
mrn17q4y,Any%,2021-08-28,PC,No Dropmod
m37rlxwz,Any%,2021-08-28,PC,No Dropmod
z0765e4y,Any%,2021-08-22,PC,No Dropmod
y8errv5y,Any%,2021-08-18,PC,No Dropmod
zqv4r1xm,Any%,2021-08-17,PC,No Dropmod
y8e16n1y,Any%,2021-08-09,PC,No Dropmod
z1xj389m,Any%,2021-08-07,PC,No Dropmod
z5d1rodm,Any%,2021-08-03,PC,No Dropmod
y69700jy,Any%,2021-07-30,PlayStation 4,No Dropmod
zgr3eenm,Any%,2021-07-27,PC,No Dropmod
zqvk828m,Any%,2021-07-26,PC,No Dropmod
y8e3jn1y,Any%,2021-07-25,PC,No Dropmod
y2xl75jm,Any%,2021-07-21,PC,No Dropmod
ylqgnoxz,Any%,2021-07-21,PC,No Dropmod
ywqld23y,Any%,2021-07-19,PC,No Dropmod
zxg1p98y,Any%,2021-07-18,PC,No Dropmod
zq1ojn5m,Any%,2021-07-12,PlayStation 4,No Dropmod
me7531qy,Any%,2021-07-11,PC,No Dropmod
mr1w3p8z,Any%,2021-07-09,PlayStation 4,No Dropmod
zxgpxe8y,Any%,2021-07-08,Switch,No Dropmod
y6dw8p1m,Any%,2021-07-08,PC,No Dropmod
ydropnvz,Any%,2021-07-04,PC,No Dropmod
y99wrnvy,Any%,2021-07-04,PC,No Dropmod
ywq5960y,Any%,2021-07-04,PC,No Dropmod
mr1d35gz,Any%,2021-06-30,PC,No Dropmod
y8dn3enz,Any%,2021-06-30,PC,No Dropmod
y99w2eky,Any%,2021-06-30,PC,No Dropmod
z0rk51oz,Any%,2021-06-30,PC,No Dropmod
y2xrvpjm,Any%,2021-06-30,PC,No Dropmod
zgg6q1nz,Any%,2021-06-28,PC,No Dropmod
y2x88qwm,Any%,2021-06-28,PC,No Dropmod
mkg14v5y,Any%,2021-06-17,PC,No Dropmod
me70x08y,Any%,2021-06-13,Switch,No Dropmod
zq1d679m,Any%,2021-06-12,PC,No Dropmod
ywqr4j2y,Any%,2021-06-07,PC,No Dropmod
z1rpoerm,Any%,2021-05-25,Switch,No Dropmod
z5r2o9ny,Any%,2021-05-24,PC,No Dropmod
zq1vpd5m,Any%,2021-05-18,PC,No Dropmod
ydre2ljz,Any%,2021-05-17,PC,No Dropmod
ydrejdwz,Any%,2021-05-15,PC,No Dropmod
z0r54ljz,Any%,2021-04-30,PC,No Dropmod
z1r5649m,Any%,2021-04-29,PC,No Dropmod
z0r1n29z,Any%,2021-04-24,PC,No Dropmod
y2x1kr9m,Any%,2021-04-24,PC,No Dropmod
y6dlrr1m,Any%,2021-04-22,PC,No Dropmod
zgg791vz,Any%,2021-04-21,PlayStation 4,No Dropmod
ylq4k2xz,Any%,2021-04-18,PC,No Dropmod
y2x36x5m,Any%,2021-04-15,PlayStation 4,No Dropmod
mkglr0ly,Any%,2021-04-12,PC,No Dropmod
me7v7n3y,Any%,2021-04-11,PlayStation 4,No Dropmod
y2vllv9z,Any%,2021-04-09,PlayStation 4,No Dropmod
y8d335nz,Any%,2021-04-09,Xbox One,No Dropmod
zp37x3xm,Any%,2021-04-08,PlayStation 4,No Dropmod
y42p8lnm,Any%,2021-04-07,Xbox One,No Dropmod
yd9kr8xz,Any%,2021-04-06,PC,No Dropmod
me9rk33z,Any%,2021-04-05,PC,No Dropmod
yo9wq17y,Any%,2021-04-04,PC,No Dropmod
yv2k516m,Any%,2021-04-01,PlayStation 4,No Dropmod
y8v4l5nz,Any%,2021-04-01,PlayStation 4,No Dropmod
z50nqg5y,Any%,2021-03-28,PlayStation 4,No Dropmod
mr4pjq4z,Any%,2021-03-28,PlayStation 4,No Dropmod
y2v6205z,Any%,2021-03-27,PC,No Dropmod
zqgn2x8m,Any%,2021-03-27,PC,No Dropmod
yo98rr1y,Any%,2021-03-26,PC,No Dropmod
zno6rj8y,Any%,2021-03-25,PC,No Dropmod
yv25l2om,Any%,2021-03-23,PC,No Dropmod
yw058enm,Any%,2021-03-22,PC,No Dropmod
z187r49y,Any%,2021-03-22,PC,No Dropmod
ylo5er2y,Any%,2021-03-22,PC,No Dropmod
z060nnoz,Any%,2021-03-19,PlayStation 4,No Dropmod
zgx6wjdm,Any%,2021-03-18,PC,No Dropmod
mk7wl85y,Any%,2021-03-17,PC,No Dropmod
y66j3djy,Any%,2021-03-17,PC,No Dropmod
yo9ql70y,Any%,2021-03-16,PC,No Dropmod
me9nl32z,Any%,2021-03-16,PC,No Dropmod
yd9vg6jz,Any%,2021-03-15,PC,No Dropmod
me9n492z,Any%,2021-03-14,PC,No Dropmod
yv2n448m,Any%,2021-03-13,PC,No Dropmod
me9nve9z,Any%,2021-03-13,PC,No Dropmod
y66g7djy,Any%,2021-03-13,PlayStation 4,No Dropmod
zgxj7njm,Any%,2021-03-13,PC,No Dropmod
zqg2rg9m,Any%,2021-03-13,PlayStation 4,No Dropmod
y66e206y,Any%,2021-03-12,PC,No Dropmod
y42j1lnm,Any%,2021-03-12,PC,No Dropmod
yj1onogy,Any%,2021-03-09,PC,No Dropmod
z508rj5y,Any%,2021-03-07,PlayStation 4,No Dropmod
z189pwgy,Any%,2021-03-07,PC,No Dropmod
y8vk7vnz,Any%,2021-03-06,PC,No Dropmod
yj1ojqgy,Any%,2021-03-06,PC,No Dropmod
m780n6ez,Any%,2021-03-01,PlayStation 4,No Dropmod
yo9n365y,Any%,2021-02-28,PlayStation 4,No Dropmod
m3nq6v6y,Any%,2021-02-28,PC,No Dropmod
y9n6nd2z,Any%,2021-02-24,PC,No Dropmod
me9ek4qz,Any%,2021-02-23,PC,No Dropmod
zgx2n4dm,Any%,2021-02-23,PC,No Dropmod
zgxqooem,Any%,2021-02-22,PlayStation 4,No Dropmod
z18gq29y,Any%,2021-02-21,PC,No Dropmod
yd910dxz,Any%,2021-02-20,PC,No Dropmod
zqg7dn1m,Any%,2021-02-18,PC,No Dropmod
mk7543xy,Any%,2021-02-08,PC,No Dropmod
y2vx977z,Any%,2021-02-04,Xbox One,No Dropmod
y2vve5wz,Any%,2021-02-02,Xbox One,No Dropmod
mk78615y,Any%,2021-02-01,PC,No Dropmod
y2vve9jz,Any%,2021-01-29,PlayStation 4,No Dropmod
yj1l54ny,Any%,2021-01-27,PC,No Dropmod
zp34vorm,Any%,2021-01-26,PlayStation 4,No Dropmod
zx629lez,Any%,2021-01-26,PlayStation 4,No Dropmod
zx62kvqz,Any%,2021-01-26,PC,No Dropmod
y42wwwnm,Any%,2021-01-26,PC,No Dropmod
yj13ngdy,Any%,2021-01-25,PC,No Dropmod
ylo466ky,Any%,2021-01-21,PlayStation 4,No Dropmod
z061rkoz,Any%,2021-01-21,PC,No Dropmod
z50o62jy,Any%,2021-01-18,Xbox One,No Dropmod
y8vqv5xz,Any%,2021-01-16,Xbox One,No Dropmod
y8v3g91z,Any%,2021-01-15,PC,No Dropmod
z5052q5y,Any%,2021-01-13,PC,No Dropmod
yj1j8jdy,Any%,2021-01-13,PC,No Dropmod
zqgkwexm,Any%,2021-01-12,PC,No Dropmod
zq4x5rxm,Any%,2021-01-11,PlayStation 4,No Dropmod
yd0kwvjz,Any%,2021-01-09,PC,No Dropmod
ywd97rnz,Any%,2021-01-08,PC,No Dropmod
ywdldjpz,Any%,2021-01-08,PC,No Dropmod
z53qwwey,Any%,2021-01-07,PC,No Dropmod
yo3w7edy,Any%,2021-01-05,PC,No Dropmod
zn3nw03y,Any%,2021-01-04,PC,No Dropmod
y6r4nnjy,Any%,2021-01-02,PC,No Dropmod
yd0xr4jz,Any%,2021-01-01,PC,No Dropmod
mr954n4m,Any%,2020-12-25,PC,No Dropmod
y8rnq4xm,Any%,2020-12-24,PC,No Dropmod
y91ep8rm,Any%,2020-12-23,PC,No Dropmod
z534wney,Any%,2020-12-21,PC,No Dropmod
zn39nkly,Any%,2020-12-19,PC,No Dropmod
mk8ojl3m,Any%,2020-12-19,PC,No Dropmod
yj6erpgz,Any%,2020-12-18,PC,No Dropmod
z1ovre9m,Any%,2020-12-16,PC,No Dropmod
ywdw173z,Any%,2020-12-15,PC,No Dropmod
z0983dez,Any%,2020-12-15,PC,No Dropmod
zn393kvy,Any%,2020-12-15,PC,No Dropmod
m3gj394z,Any%,2020-12-12,PC,No Dropmod
ylvxqjkm,Any%,2020-12-11,PC,No Dropmod
z09q1v9z,Any%,2020-12-10,PC,No Dropmod
zn3xk53y,Any%,2020-12-10,PC,No Dropmod
yd0nlnxz,Any%,2020-12-08,PC,No Dropmod
y8rkwj1m,Any%,2020-12-02,PC,No Dropmod
y8rk18wm,Any%,2020-11-30,PC,No Dropmod
y8rkr0nm,Any%,2020-11-30,PC,No Dropmod
zplpl6rm,Any%,2020-11-30,PC,No Dropmod
z1olwv9m,Any%,2020-11-29,PC,No Dropmod
zgve95jz,Any%,2020-11-28,PC,No Dropmod
y4eovxnm,Any%,2020-11-28,Xbox One,No Dropmod
zq4jo95m,Any%,2020-11-28,PC,No Dropmod
z09xw1oz,Any%,2020-11-28,PC,No Dropmod
yj62k7gz,Any%,2020-11-25,PC,No Dropmod
y6r2p36y,Any%,2020-11-25,PlayStation 4,No Dropmod
zplw068m,Any%,2020-11-25,PC,No Dropmod
mr9lkpdm,Any%,2020-11-25,PC,No Dropmod
zplgk38m,Any%,2020-11-23,PC,No Dropmod
me6epvqz,Any%,2020-11-23,PC,No Dropmod
me6e61qz,Any%,2020-11-21,PC,No Dropmod
y8r0r0wm,Any%,2020-11-21,PC,No Dropmod
yo3lvdjy,Any%,2020-11-20,PC,No Dropmod
y4exo02m,Any%,2020-11-18,PC,No Dropmod
zq49158m,Any%,2020-11-17,PlayStation 4,No Dropmod
ylv1ed2m,Any%,2020-11-17,PC,No Dropmod
zpld48vm,Any%,2020-11-16,PlayStation 4,No Dropmod
z09px58z,Any%,2020-11-13,PC,No Dropmod
yj6pk2nz,Any%,2020-11-10,PC,No Dropmod
z53vxvny,Any%,2020-11-07,PC,No Dropmod
zn37013y,Any%,2020-11-06,PlayStation 4,No Dropmod
z097gx8z,Any%,2020-11-03,PC,No Dropmod
ywdkvwnz,Any%,2020-11-02,PC,No Dropmod
yj6550nz,Any%,2020-11-01,PC,No Dropmod
mr91567m,Any%,2020-10-29,PC,No Dropmod
m3gr65wz,Any%,2020-10-26,PC,No Dropmod
mr916x8m,Any%,2020-10-26,PC,No Dropmod
y8rdr95m,Any%,2020-10-25,PC,No Dropmod
z530l2ey,Any%,2020-10-22,PC,No Dropmod
y2dvkn9z,Any%,2020-10-21,PC,No Dropmod
ylvv82km,Any%,2020-10-18,PC,No Dropmod
zq44xgrm,Any%,2020-10-18,PC,No Dropmod
z099v04z,Any%,2020-10-18,PC,No Dropmod
ylvo9p3m,Any%,2020-10-18,PC,No Dropmod
mr996lgm,Any%,2020-10-14,PC,No Dropmod
ylvk55km,Any%,2020-10-10,PC,No Dropmod
mr9e0l7m,Any%,2020-09-29,PC,No Dropmod
y4e1rxdm,Any%,2020-09-28,PC,No Dropmod
m3gove4z,Any%,2020-09-24,PC,No Dropmod
m75p344z,Any%,2020-09-23,PC,No Dropmod
m3gd8jqz,Any%,2020-09-18,PC,No Dropmod
mr9qq6gm,Any%,2020-09-12,PC,No Dropmod
z1o3j6wm,Any%,2020-09-12,PC,No Dropmod
me6vq70z,Any%,2020-09-11,PC,No Dropmod
zq4kvnrm,Any%,2020-09-06,PC,No Dropmod
zqwxnrxz,Any%,2020-09-01,PC,No Dropmod
znkdo78z,Any%,2020-08-31,PC,No Dropmod
y25l1v6y,Any%,2020-08-29,PlayStation 4,No Dropmod
zprjk2vm,Any%,2020-08-26,PC,No Dropmod
z5jqdq5m,Any%,2020-08-25,PC,No Dropmod
znkld2vz,Any%,2020-08-22,PC,No Dropmod
m7gjvjwm,Any%,2020-08-15,PC,No Dropmod
z5jn9vnm,Any%,2020-08-15,PC,No Dropmod
yw8ok73y,Any%,2020-08-12,PC,No Dropmod
y256qr5y,Any%,2020-08-11,PC,No Dropmod
m352w3dy,Any%,2020-08-09,PC,No Dropmod
z5j6wogm,Any%,2020-08-09,PC,No Dropmod
zx25re8m,Any%,2020-08-09,PlayStation 4,No Dropmod
mk3r3kvz,Any%,2020-08-05,PC,No Dropmod
yw85853y,Any%,2020-08-05,PC,No Dropmod
meo2p43z,Any%,2020-08-02,PC,No Dropmod
zx20wgem,Any%,2020-07-31,PC,No Dropmod
y65j936z,Any%,2020-07-30,PC,No Dropmod
yw82423y,Any%,2020-07-29,PC,No Dropmod
yjlq1egz,Any%,2020-07-29,PC,No Dropmod
y82gexny,Any%,2020-07-29,PC,No Dropmod
ylkpgrkz,Any%,2020-07-27,PC,No Dropmod
y90p07ry,Any%,2020-07-23,PC,No Dropmod
z15vj99y,Any%,2020-07-22,PC,No Dropmod
yjlejj7z,Any%,2020-07-21,PC,No Dropmod
y4wj592m,Any%,2020-07-21,PC,No Dropmod
y658x9qz,Any%,2020-07-21,PC,No Dropmod
y25we66y,Any%,2020-07-18,PC,No Dropmod
mk3157lz,Any%,2020-07-17,PC,No Dropmod
mrkxk44y,Any%,2020-07-16,PC,No Dropmod
z15novgy,Any%,2020-07-16,PC,No Dropmod
yjlovn7z,Any%,2020-07-15,PC,No Dropmod
z05dk64m,Any%,2020-07-14,PC,No Dropmod
yw8g719y,Any%,2020-07-14,PC,No Dropmod
m7gnqeem,Any%,2020-07-10,PC,No Dropmod
ylkd4wnz,Any%,2020-07-09,Xbox One,No Dropmod
yd52o2vm,Any%,2020-07-08,PC,No Dropmod
zprp5qrm,Any%,2020-07-07,PC,No Dropmod
y25kxgjy,Any%,2020-07-04,PC,No Dropmod
mrk2qpgy,Any%,2020-07-03,PC,No Dropmod
zqwdkw9z,Any%,2020-07-02,PC,No Dropmod
zqwdkorz,Any%,2020-07-02,PC,No Dropmod
yw8rg8py,Any%,2020-06-30,PlayStation 4,No Dropmod
zqwjep9z,Any%,2020-06-29,PC,No Dropmod
zqw95jxz,Any%,2020-06-16,PC,No Dropmod
mk3d08vz,Any%,2020-06-15,PC,No Dropmod
yokln05z,Any%,2020-06-15,PC,No Dropmod
y90ddxey,Any%,2020-06-15,PlayStation 4,No Dropmod
m7gx825m,Any%,2020-06-13,PC,No Dropmod
mrk70xgy,Any%,2020-06-10,PC,No Dropmod
yw835p2y,Any%,2020-06-10,PC,No Dropmod
znkplv8z,Any%,2020-06-10,PlayStation 4,No Dropmod
y4wx9ndm,Any%,2020-06-10,PC,No Dropmod
m7g6j8wm,Any%,2020-06-09,PC,No Dropmod
yokppd0z,Any%,2020-06-07,PC,No Dropmod
meojqr0z,Any%,2020-06-04,PC,No Dropmod
zpr274vm,Any%,2020-06-04,PC,No Dropmod
z05ov7jm,Any%,2020-06-04,PC,No Dropmod
znkpw09z,Any%,2020-06-04,PlayStation 4,No Dropmod
znk79nvz,Any%,2020-06-03,PC,No Dropmod
yv6qx86z,Any%,2020-06-02,PC,No Dropmod
zqw02o1z,Any%,2020-06-02,PC,No Dropmod
z5jvqjjm,Any%,2020-06-02,PC,No Dropmod
y250v2jy,Any%,2020-05-31,PC,No Dropmod
zgwdrl0y,Any%,2020-05-31,PC,No Dropmod
yjlxl03z,Any%,2020-05-30,PC,No Dropmod
yokr73dz,Any%,2020-05-30,PC,No Dropmod
y4w7dokm,Any%,2020-05-28,PC,No Dropmod
ylke3vxz,Any%,2020-05-28,PC,No Dropmod
yd5ev4vm,Any%,2020-05-27,PC,No Dropmod
zx2or4km,Any%,2020-05-27,PC,No Dropmod
ylkr6w2z,Any%,2020-05-26,PC,No Dropmod
z5jd7edm,Any%,2020-05-23,PC,No Dropmod
m3575xgy,Any%,2020-05-23,PC,No Dropmod
y65d1k6z,Any%,2020-05-22,PC,No Dropmod
zx2gprem,Any%,2020-05-21,PC,No Dropmod
zgwgrwvy,Any%,2020-05-18,PlayStation 4,No Dropmod
meo9218z,Any%,2020-05-14,PC,No Dropmod
m7g8jvem,Any%,2020-05-14,PC,No Dropmod
zpr366gm,Any%,2020-05-13,PC,No Dropmod
m35njdgy,Any%,2020-05-13,PC,No Dropmod
yd59lxvm,Any%,2020-05-13,PC,No Dropmod
yjl1x9oz,Any%,2020-05-11,PC,No Dropmod
y25vp25y,Any%,2020-05-11,PC,No Dropmod
zqwg1w5z,Any%,2020-05-10,PC,No Dropmod
zprlex8m,Any%,2020-05-08,PlayStation 4,No Dropmod
znk3njlz,Any%,2020-05-08,PlayStation 4,No Dropmod
y82r5dxy,Any%,2020-05-08,PC,No Dropmod
zgwv2edy,Any%,2020-05-05,PC,No Dropmod
yw8doo0y,Any%,2020-05-03,PC,No Dropmod
mk38321z,Any%,2020-05-02,PC,No Dropmod
y82rq75y,Any%,2020-05-01,PC,No Dropmod
zprrjqxm,Any%,2020-04-30,PC,No Dropmod
y255o77y,Any%,2020-04-30,PC,No Dropmod
m3558kqy,Any%,2020-04-29,PC,No Dropmod
zqwwlj9z,Any%,2020-04-29,PC,No Dropmod
z5jje65m,Any%,2020-04-27,PlayStation 4,No Dropmod
yokkxl7z,Any%,2020-04-27,PC,No Dropmod
m7ggd7em,Any%,2020-04-25,PC,No Dropmod
yok21qjz,Any%,2020-04-16,PlayStation 4,No Dropmod
zpr032gm,Any%,2020-04-09,PC,No Dropmod
yv6j4p8z,Any%,2020-04-01,PC,No Dropmod
z15dn17y,Any%,2020-03-28,PC,No Dropmod
zqwk9nrz,Any%,2020-03-27,PC,No Dropmod
y6l1ko0y,Any%,2020-03-13,PC,No Dropmod
zgk5p8vy,Any%,2020-03-07,PC,No Dropmod
mk2n3kvm,Any%,2020-02-23,PC,No Dropmod
y41435ky,Any%,2020-02-22,PC,No Dropmod
yoj88p0m,Any%,2020-02-19,PC,No Dropmod
z57nvvem,Any%,2020-02-14,PC,No Dropmod
z1j0jpgz,Any%,2020-02-11,PC,No Dropmod
m312jndz,Any%,2020-02-06,PC,No Dropmod
z1j7k8wz,Any%,2020-02-05,PC,No Dropmod
z1j7qnrz,Any%,2020-02-04,PC,No Dropmod
y81ne5dz,Any%,2020-02-02,PlayStation 4,No Dropmod
m3125q4z,Any%,2020-01-31,PC,No Dropmod
zgk625dy,Any%,2020-01-24,PC,No Dropmod
mk2o0v3m,Any%,2020-01-14,PC,No Dropmod
m31q956z,Any%,2019-11-11,PC,No Dropmod
mre702gy,Any%,2019-10-08,PC,No Dropmod
z01p8ejy,Any%,2019-10-07,PC,No Dropmod
y95vj9vz,Any%,2019-10-06,PC,No Dropmod
z1jp287z,Any%,2019-10-02,PlayStation 4,No Dropmod
y210jq6z,Any%,2019-09-17,PC,No Dropmod
m31636dz,Any%,2019-09-16,PC,No Dropmod
y953n2kz,Any%,2019-08-29,PC,No Dropmod
z1j893jz,Any%,2019-08-09,PC,No Dropmod
y95nj72z,Any%,2019-08-08,PC,No Dropmod
zqrgwvry,Any%,2019-08-03,PC,No Dropmod
mre4k78y,Any%,2019-08-03,PlayStation 4,No Dropmod
y215qx5z,Any%,2019-07-04,PC,No Dropmod
z011ldey,Any%,2019-06-30,PlayStation 4,No Dropmod
y81190xz,Any%,2019-06-25,PlayStation 4,No Dropmod
mreeqkdy,Any%,2019-06-24,PC,No Dropmod
m7qp4v0z,Any%,2019-06-22,PC,No Dropmod
yd63gr0z,Any%,2019-06-17,PC,No Dropmod
zp403qrz,Any%,2019-06-14,PlayStation 4,No Dropmod
mr8wn67y,Any%,2019-03-23,PC,No Dropmod
zp0vq7nm,Any%,2019-03-13,PC,No Dropmod
z0300poz,Any%,2019-02-27,PC,No Dropmod
yj4qlp3y,Any%,2019-02-17,PlayStation 4,No Dropmod
me8gd30m,Any%,2019-02-01,PC,No Dropmod
zp069dnm,Any%,2019-01-13,PC,No Dropmod
z03d3n4z,Any%,2019-01-08,PC,No Dropmod
zg780lez,Any%,2019-01-05,PC,No Dropmod
y43kn7dz,Any%,2019-01-03,PC,No Dropmod
z03xlk8z,Any%,2018-12-30,PC,No Dropmod
y43ke53z,Any%,2018-12-26,PC,No Dropmod
m7p0ve9m,Any%,2018-12-19,PlayStation 4,No Dropmod
y43oq23z,Any%,2018-12-13,PC,No Dropmod
zp0gkvnm,Any%,2018-12-01,PC,No Dropmod
yj48g1oy,Any%,2018-11-24,PC,No Dropmod
y92xqpez,Any%,2018-11-18,PC,No Dropmod
z51x64jm,Any%,2018-11-15,PC,No Dropmod
zq37g6xy,Any%,2018-10-21,PC,No Dropmod
y6p93g1m,Any%,2018-09-18,PC,No Dropmod
zg7xv1nz,Any%,2018-08-20,PC,No Dropmod
yvj9n6xy,Any%,2018-08-14,PC,No Dropmod
y43wjrkz,Any%,2018-07-31,PC,No Dropmod
z51jevgm,Any%,2018-07-29,PlayStation 4,No Dropmod
yvj61p8y,Any%,2018-07-26,PC,No Dropmod
mr8e33dy,Any%,2018-07-22,PC,No Dropmod
z11j72jz,Any%,2018-07-19,PlayStation 4,No Dropmod
mk9298xz,Any%,2018-07-09,PlayStation 4,No Dropmod
mk923lvz,Any%,2018-07-08,PC,No Dropmod
ywppxpnz,Any%,2018-07-03,PlayStation 4,No Dropmod
z0336w8z,Any%,2018-06-26,PC,No Dropmod
mk94n4xz,Any%,2018-06-21,PlayStation 4,No Dropmod
zn48xl7m,Any%,2018-06-18,PC,No Dropmod
z113llgz,Any%,2018-06-16,PC,No Dropmod
yvjgx1xy,Any%,2018-06-15,PC,No Dropmod
z03eqrjz,Any%,2018-06-13,PC,No Dropmod
m7p9749m,Any%,2018-06-12,PC,No Dropmod
y2q3vg5y,Any%,2018-06-11,PC,No Dropmod
y435wdkz,Any%,2018-06-10,PC,No Dropmod
z03e17ez,Any%,2018-06-09,PlayStation 4,No Dropmod
yd3q5oqz,Any%,2018-06-09,PC,No Dropmod
y89q3vdm,Any%,2018-06-07,PC,No Dropmod
yl4388km,Any%,2018-06-06,PC,No Dropmod
yo2v1r5z,Any%,2018-06-06,PC,No Dropmod
y2q96d7y,Any%,2018-06-05,PlayStation 4,No Dropmod
zg7317ez,Any%,2018-06-04,PC,No Dropmod
ywpe2o0z,Any%,2018-06-03,PC,No Dropmod
ywpexwpz,Any%,2018-06-02,PC,No Dropmod
zq3kvx9y,Any%,2018-05-28,PC,No Dropmod
y2q9vqwy,Any%,2018-05-26,PC,No Dropmod
z5nrn0gz,No Wrong Warp,2026-03-28,PC,No Dropmod
z174v99z,No Wrong Warp,2026-02-05,PC,No Dropmod
yj72r6dy,No Wrong Warp,2025-12-22,PC,Dropmod
zg9d9wdm,No Wrong Warp,2025-11-25,PC,No Dropmod
mepx383y,No Wrong Warp,2025-10-14,PC,Dropmod
yo52471z,No Wrong Warp,2025-10-04,PC,No Dropmod
mr5qd2dy,No Wrong Warp,2025-10-02,PC,No Dropmod
y2r3847m,No Wrong Warp,2025-10-01,PC,No Dropmod
mr5q584y,No Wrong Warp,2025-10-01,PC,No Dropmod
z0kerr9m,No Wrong Warp,2025-09-29,PC,No Dropmod
y8nqv45y,No Wrong Warp,2025-09-28,PC,No Dropmod
z0kew4em,No Wrong Warp,2025-09-26,PC,No Dropmod
y8g76oxz,No Wrong Warp,2025-09-06,PC,No Dropmod
z00gj8oz,No Wrong Warp,2025-09-06,PC,Dropmod
yoeq0l7z,No Wrong Warp,2025-08-07,PC,No Dropmod
y8gp5pwz,No Wrong Warp,2025-08-03,PC,No Dropmod
zg6jw3nm,No Wrong Warp,2025-08-03,PC,No Dropmod
mrdx1rdz,No Wrong Warp,2025-07-30,PC,Dropmod
mrdxqkdz,No Wrong Warp,2025-07-28,PC,Dropmod
m3v0x6qz,No Wrong Warp,2025-07-25,PC,No Dropmod
y8g8nv1z,No Wrong Warp,2025-06-28,PC,No Dropmod
zpo9rxxm,No Wrong Warp,2025-06-24,PC,No Dropmod
m3v6v54z,No Wrong Warp,2025-06-22,PC,No Dropmod
m7l7wg9y,No Wrong Warp,2025-06-13,PC,No Dropmod
zpo4joxm,No Wrong Warp,2025-05-14,PC,No Dropmod
y28qj8jy,No Wrong Warp,2025-05-04,PC,No Dropmod
y9e7g9nz,No Wrong Warp,2025-04-29,PlayStation 5,No Dropmod
men208qm,No Wrong Warp,2025-03-17,PC,No Dropmod
zn99gx8y,No Wrong Warp,2025-03-12,PC,No Dropmod
yoqqx80z,No Wrong Warp,2025-03-11,PC,Dropmod
zgjoonjz,No Wrong Warp,2025-03-05,PC,No Dropmod
zgjorlez,No Wrong Warp,2025-03-04,PC,No Dropmod
y8owpk5m,No Wrong Warp,2025-03-01,PC,Dropmod
y6ge311m,No Wrong Warp,2025-03-01,PC,No Dropmod
z5lk4ony,No Wrong Warp,2025-02-24,PC,No Dropmod
m7e3wr9z,No Wrong Warp,2025-02-21,PC,Dropmod
y9pk372m,No Wrong Warp,2025-02-21,PC,Dropmod
y9pk9vkm,No Wrong Warp,2025-02-21,PC,No Dropmod
zn9erp7y,No Wrong Warp,2025-02-19,PC,Dropmod
m3wlnx4y,No Wrong Warp,2025-02-09,PC,Dropmod
zpkd4ovy,No Wrong Warp,2025-02-01,PC,Dropmod
z1vgj6wz,No Wrong Warp,2025-02-01,PC,Dropmod
m7e6re9z,No Wrong Warp,2025-01-31,PC,Dropmod
yoqpvj7z,No Wrong Warp,2025-01-27,Switch,No Dropmod
zn97dp7y,No Wrong Warp,2025-01-27,PC,Dropmod
yoq7nl1z,No Wrong Warp,2025-01-13,PC,No Dropmod
mr098q8m,No Wrong Warp,2024-12-30,Xbox Series X,No Dropmod
ylx2p2ny,No Wrong Warp,2024-11-04,PC,Dropmod
y8plxe1z,No Wrong Warp,2024-11-02,PC,No Dropmod
ywxoqk3m,No Wrong Warp,2024-10-31,PC,Dropmod
z1n7469y,No Wrong Warp,2024-10-29,PC,Dropmod
zgo9jgnm,No Wrong Warp,2024-10-28,PC,Dropmod
yvxx65xz,No Wrong Warp,2024-10-04,PC,No Dropmod
y6ev2epz,No Wrong Warp,2024-09-30,PC,No Dropmod
z0qdjr8m,No Wrong Warp,2024-09-30,PC,No Dropmod
mrx25n8m,No Wrong Warp,2024-09-25,PC,No Dropmod
z5gpl3jm,No Wrong Warp,2024-09-18,PC,Dropmod
y9d801vm,No Wrong Warp,2024-09-14,PC,Dropmod
y2w9w56y,No Wrong Warp,2024-07-08,PC,No Dropmod
mrvgox8z,No Wrong Warp,2024-06-27,PC,Dropmod
y46o55nz,No Wrong Warp,2024-05-01,PC,Dropmod
mewew09m,No Wrong Warp,2024-04-29,PC,No Dropmod
z0d99k9y,No Wrong Warp,2024-03-14,PC,No Dropmod
yvl9j9ez,No Wrong Warp,2024-03-13,PC,No Dropmod
m305d7wm,No Wrong Warp,2024-03-07,PC,No Dropmod
yld4w5xm,No Wrong Warp,2024-02-19,PC,No Dropmod
z19dng7m,No Wrong Warp,2024-02-16,PC,No Dropmod
yllprxxy,No Wrong Warp,2024-01-04,PC,No Dropmod
y8k64q1y,No Wrong Warp,2023-12-11,PC,No Dropmod
z0xl408z,No Wrong Warp,2023-11-27,PlayStation 5,No Dropmod
zpp2ej8z,No Wrong Warp,2023-11-13,PC,No Dropmod
zxwl8kkm,No Wrong Warp,2023-11-10,PlayStation 5,No Dropmod
z0x6je9z,No Wrong Warp,2023-10-18,PC,No Dropmod
mr24o52y,No Wrong Warp,2023-10-17,PC,No Dropmod
m3knde6y,No Wrong Warp,2023-10-14,PlayStation 4,No Dropmod
yd283w0m,No Wrong Warp,2023-09-05,PC,No Dropmod
y62kgkjz,No Wrong Warp,2023-09-03,PC,No Dropmod
melg8v3z,No Wrong Warp,2023-07-24,PC,No Dropmod
yonxjk0z,No Wrong Warp,2023-07-24,PlayStation 4,No Dropmod
z5p88vgm,No Wrong Warp,2023-07-22,PC,No Dropmod
y4o673nz,No Wrong Warp,2023-07-21,PC,No Dropmod
yvplp58y,No Wrong Warp,2023-07-18,PC,No Dropmod
znve0k8m,No Wrong Warp,2023-07-16,PlayStation 4,No Dropmod
z0jj27jy,No Wrong Warp,2023-07-14,PC,No Dropmod
zx3w958z,No Wrong Warp,2023-07-14,PC,No Dropmod
yvppdpey,No Wrong Warp,2023-07-13,PlayStation 4,No Dropmod
z0jjrrey,No Wrong Warp,2023-07-11,PC,No Dropmod
zpp14dgz,No Wrong Warp,2023-06-19,PC,No Dropmod
mrln447m,No Wrong Warp,2023-06-14,PC,No Dropmod
yvp9686y,No Wrong Warp,2023-05-28,PC,No Dropmod
zgekwxny,No Wrong Warp,2023-05-08,PC,No Dropmod
z0je034y,No Wrong Warp,2023-05-05,PC,No Dropmod
y2joj4wz,No Wrong Warp,2023-04-13,PC,No Dropmod
meepojqm,No Wrong Warp,2023-03-22,PC,No Dropmod
zqeqer8z,No Wrong Warp,2023-03-07,PC,No Dropmod
zg2e08ny,No Wrong Warp,2023-02-20,PC,No Dropmod
zg2eqjey,No Wrong Warp,2023-02-18,PC,No Dropmod
mkv0pxxy,No Wrong Warp,2023-02-18,PlayStation 4,No Dropmod
z1qx657y,No Wrong Warp,2023-01-22,PC,No Dropmod
mro1p9gm,No Wrong Warp,2023-01-16,PC,No Dropmod
z0n9nojm,No Wrong Warp,2023-01-03,PC,No Dropmod
zxn4ne5m,No Wrong Warp,2022-12-13,PC,No Dropmod
yol45r0y,No Wrong Warp,2022-12-08,PC,No Dropmod
meevrvqm,No Wrong Warp,2022-12-01,PC,No Dropmod
yd1xnpqy,No Wrong Warp,2022-11-11,PC,No Dropmod
z1g486gz,No Wrong Warp,2022-11-09,PlayStation 4,No Dropmod
y8xl4ldm,No Wrong Warp,2022-11-06,PC,No Dropmod
yd1pj1vy,No Wrong Warp,2022-11-04,PC,No Dropmod
zgq134ey,No Wrong Warp,2022-10-31,PC,No Dropmod
yode75jm,No Wrong Warp,2022-10-20,PlayStation 4,No Dropmod
mrr04g2m,No Wrong Warp,2022-10-13,PlayStation 4,No Dropmod
zq9e2g9y,No Wrong Warp,2022-09-18,PC,No Dropmod
z5x0x0dy,No Wrong Warp,2022-08-20,PC,No Dropmod
y6x3j71y,No Wrong Warp,2022-07-31,PC,No Dropmod
m33kpqqm,No Wrong Warp,2022-06-21,PlayStation 4,No Dropmod
y9v8gwkm,No Wrong Warp,2022-06-16,PlayStation 4,No Dropmod
z1pg51gz,No Wrong Warp,2022-06-02,PC,No Dropmod
yjplq87y,No Wrong Warp,2022-04-30,PC,No Dropmod
y9l42nny,No Wrong Warp,2022-03-27,PC,No Dropmod
zn7n3g3m,No Wrong Warp,2022-03-23,PC,No Dropmod
zp2j01ry,No Wrong Warp,2022-03-22,PC,No Dropmod
ydw291xm,No Wrong Warp,2022-02-07,PC,No Dropmod
zgde8rvz,No Wrong Warp,2022-02-03,PC,No Dropmod
ydwjw9jm,No Wrong Warp,2022-02-02,PC,No Dropmod
y6no8jpz,No Wrong Warp,2022-01-31,PC,No Dropmod
y9l68vky,No Wrong Warp,2022-01-29,Xbox One,No Dropmod
zgd2dnnz,No Wrong Warp,2022-01-28,PC,No Dropmod
zq098x1y,No Wrong Warp,2022-01-25,PC,No Dropmod
y6n0r06z,No Wrong Warp,2022-01-19,PC,No Dropmod
mej3x40y,No Wrong Warp,2022-01-18,PC,No Dropmod
z12269gy,No Wrong Warp,2022-01-17,PC,No Dropmod
yjxxpdgz,No Wrong Warp,2022-01-15,Xbox One,No Dropmod
z0o7opez,No Wrong Warp,2022-01-11,PC,No Dropmod
zq045l5y,No Wrong Warp,2021-12-30,PC,No Dropmod
z12dr3wy,No Wrong Warp,2021-11-30,PC,No Dropmod
yvow77xz,No Wrong Warp,2021-11-28,PC,No Dropmod
mrn33g4y,No Wrong Warp,2021-11-28,PC,No Dropmod
z1xek2wm,No Wrong Warp,2021-11-21,PC,No Dropmod
yo6gl2dy,No Wrong Warp,2021-11-14,PC,No Dropmod
ylrxwgxy,No Wrong Warp,2021-10-18,Xbox One,No Dropmod
zp86epgy,No Wrong Warp,2021-10-13,PC,No Dropmod
z5dgordm,No Wrong Warp,2021-10-13,PC,No Dropmod
yj5wqvom,No Wrong Warp,2021-10-06,PC,No Dropmod
y8ekw01y,No Wrong Warp,2021-10-05,PC,No Dropmod
zqvjek8m,No Wrong Warp,2021-09-29,PC,No Dropmod
ywkrq79y,No Wrong Warp,2021-09-28,PC,No Dropmod
y8e0ow1y,No Wrong Warp,2021-09-25,PC,No Dropmod
z5dex4dm,No Wrong Warp,2021-09-23,PC,No Dropmod
yo6l390y,No Wrong Warp,2021-09-22,PC,No Dropmod
zgr2xvdm,No Wrong Warp,2021-09-22,PC,No Dropmod
yj58xr7m,No Wrong Warp,2021-09-20,PlayStation 5,No Dropmod
y6900ljy,No Wrong Warp,2021-09-12,PC,No Dropmod
zgrg99vm,No Wrong Warp,2021-08-30,PC,No Dropmod
y8edxd5y,No Wrong Warp,2021-08-28,Switch,No Dropmod
ylrodn3y,No Wrong Warp,2021-08-24,PC,No Dropmod
yde0rlvm,No Wrong Warp,2021-08-18,PC,No Dropmod
zqvw5wrm,No Wrong Warp,2021-08-16,PC,No Dropmod
y8e20eny,No Wrong Warp,2021-08-14,PC,No Dropmod
y69ldw0y,No Wrong Warp,2021-08-08,PC,No Dropmod
zqv6gw9m,No Wrong Warp,2021-07-29,PC,No Dropmod
ydrx800z,No Wrong Warp,2021-07-09,PC,No Dropmod
zn1gqk7m,No Wrong Warp,2021-06-28,PC,No Dropmod
y8dkk25z,No Wrong Warp,2021-06-15,Switch,No Dropmod
z5r87rjy,No Wrong Warp,2021-06-14,PC,No Dropmod
yo7pn55m,No Wrong Warp,2021-05-25,PC,No Dropmod
mkgg1xxy,No Wrong Warp,2021-05-13,Switch,No Dropmod
mkg293vy,No Wrong Warp,2021-04-22,PC,No Dropmod
ylq9njrz,No Wrong Warp,2021-04-14,PC,No Dropmod
y2x9x1jm,No Wrong Warp,2021-04-10,PC,No Dropmod
yj1n37oy,No Wrong Warp,2021-04-06,PC,No Dropmod
zx6edo8z,No Wrong Warp,2021-04-06,PC,No Dropmod
y8v7o35z,No Wrong Warp,2021-04-04,PC,No Dropmod
zx6rr7ez,No Wrong Warp,2021-04-01,PC,No Dropmod
z504qvny,No Wrong Warp,2021-04-01,PC,No Dropmod
me95072z,No Wrong Warp,2021-03-31,PC,No Dropmod
ylowr13y,No Wrong Warp,2021-03-30,PC,No Dropmod
mr4wngdz,No Wrong Warp,2021-03-26,PC,No Dropmod
z18v107y,No Wrong Warp,2021-03-14,PC,No Dropmod
me9g5g0z,No Wrong Warp,2021-03-13,PC,No Dropmod
z189d8jy,No Wrong Warp,2021-03-06,PC,No Dropmod
mk7q065y,No Wrong Warp,2021-03-04,PC,No Dropmod
yo9dp1jy,No Wrong Warp,2021-02-21,PlayStation 4,No Dropmod
zqg779rm,No Wrong Warp,2021-02-17,PC,No Dropmod
yv2o5kom,No Wrong Warp,2021-02-12,PC,No Dropmod
yd999nxz,No Wrong Warp,2021-02-02,PC,No Dropmod
m78qpv5z,No Wrong Warp,2021-01-24,PC,No Dropmod
z50714dy,No Wrong Warp,2021-01-23,PC,No Dropmod
yd9qk0jz,No Wrong Warp,2021-01-19,Xbox One,No Dropmod
yd9qg0qz,No Wrong Warp,2021-01-17,PC,No Dropmod
zno8v53y,No Wrong Warp,2021-01-17,Xbox One,No Dropmod
zgxn7qem,No Wrong Warp,2021-01-16,PC,No Dropmod
y8dnnnxz,No Wrong Warp,2021-01-13,Switch,No Dropmod
me6rw92z,No Wrong Warp,2021-01-10,Xbox One,No Dropmod
me6d2gqz,No Wrong Warp,2020-12-31,PlayStation 4,No Dropmod
z09k47ez,No Wrong Warp,2020-12-28,PlayStation 4,No Dropmod
m75j1w0z,No Wrong Warp,2020-12-28,PC,No Dropmod
m3g07e4z,No Wrong Warp,2020-12-06,Switch,No Dropmod
zq4v9drm,No Wrong Warp,2020-11-02,Switch,No Dropmod
yd0e62qz,No Wrong Warp,2020-10-30,PlayStation 4,No Dropmod
z09rl2oz,No Wrong Warp,2020-10-27,PC,No Dropmod
mr98o88m,No Wrong Warp,2020-09-19,PC,No Dropmod
yj6jkjnz,No Wrong Warp,2020-09-05,PC,No Dropmod
meoq123z,No Wrong Warp,2020-08-25,PC,No Dropmod
yok8707z,No Wrong Warp,2020-08-11,PC,No Dropmod
m7gvpe4m,No Wrong Warp,2020-08-04,PC,No Dropmod
m7gln69m,No Wrong Warp,2020-08-01,PC,No Dropmod
zqwperrz,No Wrong Warp,2020-07-31,PC,No Dropmod
y82pp21y,No Wrong Warp,2020-07-19,PC,No Dropmod
mk3131vz,No Wrong Warp,2020-07-16,Xbox One,No Dropmod
y82wjn5y,No Wrong Warp,2020-07-12,PC,No Dropmod
z5j81pgm,No Wrong Warp,2020-07-09,PC,No Dropmod
yjlw7knz,No Wrong Warp,2020-07-07,PC,No Dropmod
yw8nv79y,No Wrong Warp,2020-07-05,PC,No Dropmod
yoko987z,No Wrong Warp,2020-07-04,PC,No Dropmod
ylk6wxnz,No Wrong Warp,2020-07-01,PC,No Dropmod
yjl2n5nz,No Wrong Warp,2020-07-01,PC,No Dropmod
zgwejjjy,No Wrong Warp,2020-06-30,PC,No Dropmod
m35q24gy,No Wrong Warp,2020-06-30,PC,No Dropmod
zqweewxz,No Wrong Warp,2020-06-22,PC,No Dropmod
mk3v46xz,No Wrong Warp,2020-06-19,PC,No Dropmod
m7gxj7wm,No Wrong Warp,2020-06-17,PC,No Dropmod
y4jjgj3y,No Wrong Warp,2020-06-01,PC,No Dropmod
yjlgowgz,No Wrong Warp,2020-05-20,PC,No Dropmod
ylkqv1xz,No Wrong Warp,2020-05-17,PC,No Dropmod
yw80o02y,No Wrong Warp,2020-05-14,PC,No Dropmod
yw80079y,No Wrong Warp,2020-05-11,PC,No Dropmod
mk37e45z,No Wrong Warp,2020-05-11,PC,No Dropmod
zgwvo9ey,No Wrong Warp,2020-05-06,PC,No Dropmod
z05146om,No Wrong Warp,2020-04-22,PC,No Dropmod
zqw3x4rz,No Wrong Warp,2020-04-15,PC,No Dropmod
y65p9pjz,No Wrong Warp,2020-04-10,PC,No Dropmod
yw8epe9y,No Wrong Warp,2020-03-24,PC,No Dropmod
zqwkrg5z,No Wrong Warp,2020-03-24,PC,No Dropmod
y6lkenqy,No Wrong Warp,2020-03-19,PC,No Dropmod
yj3vv7nz,No Wrong Warp,2020-03-02,PC,No Dropmod
yj3vk5gz,No Wrong Warp,2020-02-21,PC,No Dropmod
y815k6nz,No Wrong Warp,2020-02-20,PC,No Dropmod
y81l6vxz,No Wrong Warp,2020-02-16,PC,No Dropmod
yv3e1n6z,No Wrong Warp,2020-02-14,PC,No Dropmod
y81nqe5z,No Wrong Warp,2020-01-30,PC,No Dropmod
y41lwrqy,No Wrong Warp,2019-12-28,Switch,No Dropmod
y81x765z,No Wrong Warp,2019-10-26,PC,No Dropmod
zqr7j81y,No Wrong Warp,2019-10-05,PC,No Dropmod
yw4342pz,No Wrong Warp,2019-09-29,PC,No Dropmod
yv3q7v6z,No Wrong Warp,2019-09-22,PC,No Dropmod
z57v05nm,No Wrong Warp,2019-09-14,PlayStation 4,No Dropmod
y81j26wz,No Wrong Warp,2019-09-13,PC,No Dropmod
mex4qv2z,No Wrong Warp,2019-09-08,PlayStation 4,No Dropmod
z1jr02rz,No Wrong Warp,2019-08-24,PlayStation 4,No Dropmod
z019r0jy,No Wrong Warp,2019-07-24,PC,No Dropmod
yl0vqvry,No Wrong Warp,2019-07-22,PC,No Dropmod
m31g5xgz,No Wrong Warp,2019-07-01,PC,No Dropmod
yoj2490m,No Wrong Warp,2019-06-12,PlayStation 4,No Dropmod
zxkd28km,No Wrong Warp,2019-06-05,PC,No Dropmod
yoj4p7jm,No Wrong Warp,2019-06-04,PC,No Dropmod
y213xe9z,No Wrong Warp,2019-06-02,PC,No Dropmod
zqrkdpxy,No Wrong Warp,2019-05-22,PlayStation 4,No Dropmod
m7pr0q9m,No Wrong Warp,2019-05-08,PC,No Dropmod
zp0d99vm,No Wrong Warp,2018-11-10,PC,No Dropmod
yvj04l4y,No Wrong Warp,2018-11-03,PC,No Dropmod
zp02k88m,No Wrong Warp,2018-10-13,PC,No Dropmod
yd3d80qz,No Wrong Warp,2018-09-30,PC,No Dropmod
zx461eey,No Wrong Warp,2018-08-31,PC,No Dropmod
m3onv9gm,No Wrong Warp,2018-08-29,PlayStation 4,No Dropmod
y6p627jm,No Wrong Warp,2018-08-28,PC,No Dropmod
z0351g4z,No Wrong Warp,2018-07-23,PlayStation 4,No Dropmod
y89qr4wm,No Wrong Warp,2018-06-11,PC,No Dropmod
zg7nx2ez,No Wrong Warp,2018-06-10,PC,No Dropmod
m7p1v89m,No Wrong Warp,2018-06-03,PC,No Dropmod
yvj458ey,No Wrong Warp,2018-05-30,PC,No Dropmod
ywpekonz,No Wrong Warp,2018-05-28,PC,No Dropmod
m386d2dy,Any% Force Quit,2026-04-03,PC,Dropmod
mkx8n25z,Any% Force Quit,2026-03-19,PC,Dropmod
ydp0v5wy,Any% Force Quit,2026-03-18,PC,No Dropmod
zxp2q65y,Any% Force Quit,2026-03-12,PC,No Dropmod
yjrlqqoz,Any% Force Quit,2026-03-12,PC,Dropmod
y261ee7m,Any% Force Quit,2026-03-06,PC,No Dropmod
z10jpvjm,Any% Force Quit,2026-03-06,PC,No Dropmod
y4v548ky,Any% Force Quit,2026-02-26,PC,Dropmod
yveg7l6m,Any% Force Quit,2026-02-25,PC,Dropmod
yo5o6l7z,Any% Force Quit,2025-12-25,PC,No Dropmod
m32xvpwy,Any% Force Quit,2025-12-09,PC,No Dropmod
yw54kw9y,Any% Force Quit,2025-10-13,PC,Dropmod
y9w5qvvz,Any% Force Quit,2025-10-11,PC,Dropmod
ydo3dnqz,Any% Force Quit,2025-10-07,PC,Dropmod
yl54djxz,Any% Force Quit,2025-10-07,PC,No Dropmod
mkwjer3m,Any% Force Quit,2025-09-13,PC,No Dropmod
zpoognnm,Any% Force Quit,2025-08-12,PC,Dropmod
zqpj72xm,Any% Force Quit,2025-07-14,PC,No Dropmod
zqp7v85m,Any% Force Quit,2025-06-25,PC,No Dropmod
y9e5w7nz,Any% Force Quit,2025-05-13,PC,Dropmod
yv73vwey,Any% Force Quit,2025-05-12,PC,Dropmod
y4jp9lny,Any% Force Quit,2025-04-13,PC,Dropmod
y6g1jepm,Any% Force Quit,2025-04-11,PC,Dropmod
yoqq905z,Any% Force Quit,2025-03-09,PC,Dropmod
m3wn6kqy,Any% Force Quit,2025-01-06,PlayStation 4,No Dropmod
z5l3ro5y,Any% Force Quit,2024-12-31,PC,No Dropmod
z5lj89ey,Any% Force Quit,2024-12-28,PC,No Dropmod
y9p7p3km,Any% Force Quit,2024-12-09,PC,Dropmod
z1v319gz,Any% Force Quit,2024-12-04,PC,Dropmod
zpxj58rm,Any% Force Quit,2024-11-18,PC,Dropmod
y6e40rpz,Any% Force Quit,2024-11-09,PC,No Dropmod
y4l4862z,Any% Force Quit,2024-11-09,PC,Dropmod
yoxgvnjy,Any% Force Quit,2024-11-06,PC,Dropmod
y6e8951z,Any% Force Quit,2024-10-26,PC,No Dropmod
yoxeel7y,Any% Force Quit,2024-10-21,PC,Dropmod
mrxv8v8m,Any% Force Quit,2024-09-27,PC,Dropmod
z1nqx5ry,Any% Force Quit,2024-09-10,PC,No Dropmod
yj9dqp7z,Any% Force Quit,2024-09-06,PC,Dropmod
znx3w5vy,Any% Force Quit,2024-07-31,PlayStation 4,No Dropmod
zn2d2p3z,Any% Force Quit,2024-07-03,PC,No Dropmod
yjoqjldz,Any% Force Quit,2024-05-29,PC,Dropmod
mkp11e5y,Any% Force Quit,2024-05-22,PC,No Dropmod
yldxdprm,Any% Force Quit,2024-05-22,PC,Dropmod
y466dxqz,Any% Force Quit,2024-05-17,Xbox Series X,No Dropmod
z19983rm,Any% Force Quit,2024-05-13,PC,Dropmod
y6vq160m,Any% Force Quit,2024-05-11,PC,Dropmod
mew0vv9m,Any% Force Quit,2024-05-06,PC,Dropmod
z19l77gm,Any% Force Quit,2024-05-05,PC,No Dropmod
zp6w048m,Any% Force Quit,2024-05-02,PC,Dropmod
y8wxngny,Any% Force Quit,2024-04-24,PC,No Dropmod
zn2q568z,Any% Force Quit,2024-04-23,PC,Dropmod
y46qwn2z,Any% Force Quit,2024-04-13,PC,No Dropmod
z0do23ey,Any% Force Quit,2024-04-11,PC,No Dropmod
zglw6ljm,Any% Force Quit,2024-03-11,PC,No Dropmod
zq83lv5z,Any% Force Quit,2024-02-29,PC,No Dropmod
z0xn0ojz,Any% Force Quit,2023-12-03,PC,No Dropmod
y4kgje2m,Any% Force Quit,2023-12-03,PC,No Dropmod
zneo8j3z,Any% Force Quit,2023-10-14,PC,No Dropmod
y2kdx69y,Any% Force Quit,2023-10-07,PC,No Dropmod
z5kjq85z,Any% Force Quit,2023-10-07,PC,No Dropmod
y2k5976y,Any% Force Quit,2023-10-01,PC,No Dropmod
y8k1plny,Any% Force Quit,2023-09-29,PC,No Dropmod
zg8k8djy,Any% Force Quit,2023-09-28,PC,No Dropmod
zpp428nz,Any% Force Quit,2023-09-26,PC,No Dropmod
zppno9gz,Any% Force Quit,2023-09-10,PC,No Dropmod
melw1k8z,Any% Force Quit,2023-07-21,PC,No Dropmod
znvp8dlm,Any% Force Quit,2023-06-25,PlayStation 4,No Dropmod
z1lp16jm,Any% Force Quit,2023-06-25,PlayStation 4,No Dropmod
y2g0ogjz,Any% Force Quit,2023-06-24,PlayStation 4,No Dropmod
m3q7v2wy,Any% Force Quit,2023-06-18,PlayStation 4,No Dropmod
zger60vy,Any% Force Quit,2023-06-18,PlayStation 4,No Dropmod
z0jr008y,Any% Force Quit,2023-06-12,PC,No Dropmod
zpgwk3nz,Any% Force Quit,2023-02-19,PC,No Dropmod
mkv504ly,Any% Force Quit,2023-01-21,PC,No Dropmod
z0nr4g4m,Any% Force Quit,2023-01-17,PC,No Dropmod
ydgr0qqy,Any% Force Quit,2023-01-11,PC,No Dropmod
ydg652jy,Any% Force Quit,2022-12-18,PC,No Dropmod
ydg32exy,Any% Force Quit,2022-12-14,PC,No Dropmod
ydg31owy,Any% Force Quit,2022-12-12,PC,No Dropmod
zx8r2p5m,Any% Force Quit,2022-11-08,PC,No Dropmod
zqjknx9m,Any% Force Quit,2022-10-22,PC,No Dropmod
yl162lkm,Any% Force Quit,2022-09-23,PC,No Dropmod
mkdv4p3y,Any% Force Quit,2022-09-14,PC,No Dropmod
zpdg05rz,Any% Force Quit,2022-09-14,PC,No Dropmod
zgqv9rjy,Any% Force Quit,2022-08-18,PC,No Dropmod
mkox881z,Any% Force Quit,2022-08-12,PC,No Dropmod
y4q2vnkm,Any% Force Quit,2022-05-12,PlayStation 4,No Dropmod
yjpjnqoy,Any% Force Quit,2022-03-29,PC,No Dropmod
y6n0q40z,Any% Force Quit,2022-01-21,PC,No Dropmod
y9l1koey,Any% Force Quit,2021-12-29,PC,No Dropmod
m365kp4m,Any% Force Quit,2021-12-24,PC,No Dropmod
y9l04ovy,Any% Force Quit,2021-12-23,PC,No Dropmod
m3655p6m,Any% Force Quit,2021-12-20,PC,No Dropmod
y48106qm,Any% Force Quit,2021-12-18,PC,No Dropmod
y9l711ny,Any% Force Quit,2021-12-06,PC,No Dropmod
zxl92w5z,Any% Force Quit,2021-11-30,PC,No Dropmod
y470ovky,Any% Force Quit,2021-11-04,PC,No Dropmod
mk5o4g3m,Any% Force Quit,2021-10-20,PC,No Dropmod
zgrlwonm,Any% Force Quit,2021-10-08,PC,No Dropmod
yvo0vp6z,Any% Force Quit,2021-09-18,PC,No Dropmod
y8er3nwy,Any% Force Quit,2021-08-17,PC,No Dropmod
m375kogz,Any% Force Quit,2021-08-15,PC,No Dropmod
z0rvnpjz,Any% Force Quit,2021-07-21,PC,No Dropmod
yo7n0kjm,Any% Force Quit,2021-06-10,PC,No Dropmod
y8dxkwdz,Any% Force Quit,2021-05-31,PC,No Dropmod
z1r1jp9m,Any% Force Quit,2021-04-18,PlayStation 5,No Dropmod
z5094v5y,Any% Force Quit,2021-04-09,PC,No Dropmod
ylo221ny,Any% Force Quit,2021-03-28,PC,No Dropmod
m3n09n6y,Any% Force Quit,2021-03-06,PC,No Dropmod
z065wp9z,Any% Force Quit,2021-01-26,PlayStation 4,No Dropmod
z505o9dy,Any% Force Quit,2021-01-12,PlayStation 4,No Dropmod
zq4xpl5m,Any% Force Quit,2021-01-11,PlayStation 4,No Dropmod
m75jnvwz,Any% Force Quit,2020-12-30,PC,No Dropmod
mr9r517m,Any% Force Quit,2020-11-19,PC,No Dropmod
z05gq59m,Any% Force Quit,2020-08-26,PlayStation 4,No Dropmod
yd5l78qm,Any% Force Quit,2020-07-21,PC,No Dropmod
zx2qx4qm,Any% Force Quit,2020-07-11,PC,No Dropmod
z5jk2pdm,Any% Force Quit,2020-07-05,PC,No Dropmod
z15lnjgy,Any% Force Quit,2020-06-30,PC,No Dropmod
yw8rr22y,Any% Force Quit,2020-06-29,PC,No Dropmod
y650e7jz,Any% Force Quit,2020-06-09,PC,No Dropmod
yw83v72y,Any% Force Quit,2020-06-08,PC,No Dropmod
m356j96y,Any% Force Quit,2020-06-02,PC,No Dropmod
m35n6ldy,Any% Force Quit,2020-05-11,PC,No Dropmod
y90763ny,Any% Force Quit,2020-04-04,PC,No Dropmod
z5joov5m,Any% Force Quit,2020-04-01,PC,No Dropmod
z15314jy,Any% Force Quit,2020-04-01,PC,No Dropmod
zxkrl4km,Any% Force Quit,2020-02-25,PC,No Dropmod
y41vo22y,Any% Force Quit,2020-02-16,PC,No Dropmod
yv3ep8ez,Any% Force Quit,2020-02-16,PC,No Dropmod
yoj5gr0m,Any% Force Quit,2020-02-07,PC,No Dropmod
z576gqgm,Any% Force Quit,2020-02-06,PC,No Dropmod
m312ljqz,Any% Force Quit,2020-02-04,PC,No Dropmod
mk2r9xlm,Any% Force Quit,2020-01-30,PC,No Dropmod
z57w8pdm,Any% Force Quit,2020-01-26,PC,No Dropmod
m31v556z,Any% Force Quit,2020-01-20,PC,No Dropmod
yw4ng99z,Any% Force Quit,2019-12-06,PC,No Dropmod
m31kkj6z,Any% Force Quit,2019-12-05,PC,No Dropmod
zp429erz,Any% Force Quit,2019-09-16,PC,No Dropmod
zqrgwq9y,Any% Force Quit,2019-08-03,PC,No Dropmod
y811j2nz,Any% Force Quit,2019-06-28,PC,No Dropmod
yj4v1wgy,Any% Force Quit,2019-04-05,PC,No Dropmod
yl420rkm,Any% Force Quit,2019-03-19,PlayStation 4,No Dropmod
zq3w14xy,Any% Force Quit,2018-07-26,PlayStation 4,No Dropmod
ywp8p40z,Any% Force Quit,2018-07-23,PC,No Dropmod
y435923z,Any% Force Quit,2018-06-07,PlayStation 4,No Dropmod
yj4jrv3y,Any% Force Quit,2018-06-05,PlayStation 4,No Dropmod
y439n22z,Any% Force Quit,2018-06-03,PC,No Dropmod
yo2vnrjz,Any% Force Quit,2018-06-01,PC,No Dropmod
z0kx918m,All Bosses,2025-12-25,PC,No Dropmod
zp5rjlry,All Bosses,2025-10-24,PC,No Dropmod
y4n4xpqm,All Bosses,2025-08-30,PC,No Dropmod
y284036y,All Bosses,2025-08-29,PC,No Dropmod
y4n0lndm,All Bosses,2025-08-19,PC,Dropmod
yd4lk9vy,All Bosses,2025-08-02,PC,No Dropmod
yw2jnjny,All Bosses,2025-06-21,PC,No Dropmod
mrd14x2z,All Bosses,2025-06-06,PC,No Dropmod
zng1rolm,All Bosses,2025-06-05,PC,No Dropmod
mkw8d91m,All Bosses,2025-05-24,PC,Dropmod
yjqlrv7m,All Bosses,2025-05-20,PC,No Dropmod
zg6wg7em,All Bosses,2025-05-17,PC,Dropmod
yljk0jrm,All Bosses,2025-05-14,PC,No Dropmod
y285d86y,All Bosses,2025-05-10,PC,Dropmod
zxje07qy,All Bosses,2025-04-17,PC,No Dropmod
y289nk9y,All Bosses,2025-04-10,PC,No Dropmod
y9pwqqkm,All Bosses,2025-03-25,PC,No Dropmod
z5lk3ljy,All Bosses,2025-02-20,PC,No Dropmod
yvnp6dxm,All Bosses,2025-02-14,PC,No Dropmod
y8o07wwm,All Bosses,2025-02-13,PC,No Dropmod
y6g61o6m,All Bosses,2025-01-09,PC,No Dropmod
y4jw1ldy,All Bosses,2024-12-24,PC,No Dropmod
m3w1e7wy,All Bosses,2024-12-23,PC,No Dropmod
z1nwl89y,All Bosses,2024-11-23,PC,No Dropmod
y2w8gx6y,All Bosses,2024-10-20,PlayStation 5,No Dropmod
z5g10kem,All Bosses,2024-07-18,PC,No Dropmod
mewdjk9m,All Bosses,2024-06-14,PC,No Dropmod
ydnpeoqm,All Bosses,2024-06-14,PC,No Dropmod
ydn4r3wm,All Bosses,2024-06-01,PC,No Dropmod
z1993dgm,All Bosses,2024-05-12,PC,No Dropmod
zxq64n5m,All Bosses,2024-03-19,PC,No Dropmod
mew6868m,All Bosses,2024-03-13,PC,No Dropmod
yjw0e4nm,All Bosses,2024-02-04,Xbox Series X,No Dropmod
yoowj20y,All Bosses,2024-02-01,PC,No Dropmod
z1k737gy,All Bosses,2024-01-14,PC,No Dropmod
z0x0r79z,All Bosses,2024-01-10,PC,No Dropmod
zppororz,All Bosses,2024-01-09,PC,No Dropmod
mr2de68y,All Bosses,2024-01-09,PC,No Dropmod
mkqo68lm,All Bosses,2024-01-08,PC,No Dropmod
y8koknxy,All Bosses,2024-01-06,PC,No Dropmod
mr2xg52y,All Bosses,2024-01-02,PC,No Dropmod
zqdq0p1m,All Bosses,2023-12-29,PC,No Dropmod
yvvl1o6y,All Bosses,2023-12-23,PC,No Dropmod
mr2l5v7y,All Bosses,2023-12-12,PC,No Dropmod
me0e4j9z,All Bosses,2023-11-30,PC,No Dropmod
ywn69lpy,All Bosses,2023-11-27,PC,No Dropmod
z1kpxwwy,All Bosses,2023-11-17,PC,No Dropmod
m3k6e9wy,All Bosses,2023-11-13,PC,No Dropmod
yvvoxley,All Bosses,2023-11-04,PC,No Dropmod
yd2e2vwm,All Bosses,2023-11-03,PC,No Dropmod
mkq7rdlm,All Bosses,2023-10-20,PC,No Dropmod
z1konr7y,All Bosses,2023-10-12,PC,No Dropmod
yook14jy,All Bosses,2023-10-06,PC,No Dropmod
z0x126ez,All Bosses,2023-09-30,PC,No Dropmod
zpwv8kny,All Bosses,2023-08-15,PC,No Dropmod
z0jk0jey,All Bosses,2023-08-12,PC,No Dropmod
mk0r3o5z,All Bosses,2023-08-09,PC,No Dropmod
mrlvrg4m,All Bosses,2023-07-22,PC,No Dropmod
y2g0xl7z,All Bosses,2023-06-21,PC,No Dropmod
m3qo9q4y,All Bosses,2023-05-06,PC,No Dropmod
yl69lx2y,All Bosses,2023-05-03,PC,No Dropmod
melv2g2z,All Bosses,2023-04-28,PlayStation 4,No Dropmod
yvp4peey,All Bosses,2023-04-27,PC,No Dropmod
yj2j6e3m,All Bosses,2023-04-24,PC,No Dropmod
y4o9552z,All Bosses,2023-04-23,PC,No Dropmod
yolgr01y,All Bosses,2023-04-06,PC,No Dropmod
yj8qeodm,All Bosses,2023-03-20,PC,No Dropmod
y80knjnm,All Bosses,2023-02-24,PC,No Dropmod
yv8842om,All Bosses,2023-02-09,PC,No Dropmod
zxnn92em,All Bosses,2023-02-08,PC,No Dropmod
yv8841om,All Bosses,2023-02-08,PC,No Dropmod
zg2px3ny,All Bosses,2023-01-29,PC,No Dropmod
znj7g98m,All Bosses,2023-01-28,PC,No Dropmod
y4g7w3ky,All Bosses,2023-01-17,PC,No Dropmod
y8091qwm,All Bosses,2022-12-10,PC,No Dropmod
y6xk066y,All Bosses,2022-11-23,PlayStation 4,No Dropmod
zx8563gm,All Bosses,2022-10-26,PlayStation 4,No Dropmod
zgq93evy,All Bosses,2022-10-25,PC,No Dropmod
z1g6qdrz,All Bosses,2022-10-20,PC,No Dropmod
y6x9vr0y,All Bosses,2022-08-29,PlayStation 4,No Dropmod
y2e3xl5y,All Bosses,2022-08-02,PC,No Dropmod
yddk09qy,All Bosses,2022-07-26,PC,No Dropmod
y60155qy,All Bosses,2022-07-22,PC,No Dropmod
yvqd8xem,All Bosses,2022-03-25,PC,No Dropmod
z5vw035m,All Bosses,2022-02-28,PC,No Dropmod
z1268rwy,All Bosses,2022-02-28,PlayStation 4,No Dropmod
y6nerd0z,All Bosses,2022-02-14,PC,No Dropmod
yjxpe23z,All Bosses,2022-01-14,PC,No Dropmod
y20djw9m,All Bosses,2021-12-29,PlayStation 4,No Dropmod
zp24328y,All Bosses,2021-12-18,PC,No Dropmod
mejkwx0y,All Bosses,2021-12-09,PC,No Dropmod
zp2ng4xy,All Bosses,2021-12-01,PC,No Dropmod
mk5nxrlm,All Bosses,2021-11-16,PC,No Dropmod
ylrwx6xy,All Bosses,2021-11-15,PC,No Dropmod
zp8en6gy,All Bosses,2021-11-12,PC,No Dropmod
z1x6wv7m,All Bosses,2021-10-31,PC,No Dropmod
yo6eqj7y,All Bosses,2021-10-30,PC,No Dropmod
m37jvnwz,All Bosses,2021-10-18,PlayStation 4,No Dropmod
y8e6rddy,All Bosses,2021-09-27,PC,No Dropmod
zqve3j9m,All Bosses,2021-09-21,PlayStation 4,No Dropmod
z5dejpdm,All Bosses,2021-09-21,PC,No Dropmod
zqv9qr9m,All Bosses,2021-09-18,PC,No Dropmod
yj5d577m,All Bosses,2021-09-17,PlayStation 4,No Dropmod
m376q16z,All Bosses,2021-09-07,PC,No Dropmod
z1xrvngm,All Bosses,2021-08-29,PC,No Dropmod
yo673k7y,All Bosses,2021-08-28,PC,No Dropmod
zp80198y,All Bosses,2021-08-04,PC,No Dropmod
z073768y,All Bosses,2021-08-04,PC,No Dropmod
y4rp1d2z,All Bosses,2021-07-19,PC,No Dropmod
ylqgxj3z,All Bosses,2021-07-19,PC,No Dropmod
ydrxddqz,All Bosses,2021-07-11,PC,No Dropmod
y2x6o5wm,All Bosses,2021-07-07,PC,No Dropmod
z5rndggy,All Bosses,2021-07-06,PC,No Dropmod
ywq5oe9y,All Bosses,2021-07-03,PC,No Dropmod
zp1502rz,All Bosses,2021-06-30,PC,No Dropmod
y6d8rq1m,All Bosses,2021-06-30,PC,No Dropmod
zggjr1vz,All Bosses,2021-06-24,PC,No Dropmod
zn1vdg3m,All Bosses,2021-06-12,PC,No Dropmod
yo7rjejm,All Bosses,2021-05-15,PC,No Dropmod
z18ekqjy,All Bosses,2021-04-04,PC,No Dropmod
yo9qwx0y,All Bosses,2021-03-17,PC,No Dropmod
yj1o657y,All Bosses,2021-03-06,PC,No Dropmod
m3nll86y,All Bosses,2021-02-23,PC,No Dropmod
y8vx1vdz,All Bosses,2021-02-20,PC,No Dropmod
yw0kpv2m,All Bosses,2021-02-08,PC,No Dropmod
y66d210y,All Bosses,2021-02-06,PC,No Dropmod
y2vvqv5z,All Bosses,2021-02-01,PC,No Dropmod
y8vr1lnz,All Bosses,2021-01-29,PC,No Dropmod
yd96q6wz,All Bosses,2021-01-23,PC,No Dropmod
y8vqr7wz,All Bosses,2021-01-16,PC,No Dropmod
zgxn7nnm,All Bosses,2021-01-15,PC,No Dropmod
m3gwpq4z,All Bosses,2020-12-19,PC,No Dropmod
zn3x68ly,All Bosses,2020-12-13,PC,No Dropmod
mkg2xl1y,All Bosses,2020-12-12,PC,No Dropmod
z53gj4ny,All Bosses,2020-12-10,PC,No Dropmod
z1onolrm,All Bosses,2020-12-10,PC,No Dropmod
z1o94xgm,All Bosses,2020-12-08,PC,No Dropmod
z538e7ny,All Bosses,2020-12-07,PC,No Dropmod
zpl6lx8m,All Bosses,2020-12-05,PC,No Dropmod
yv98714z,All Bosses,2020-11-23,PC,No Dropmod
mk8vx55m,All Bosses,2020-11-23,PC,No Dropmod
z03356ez,All Bosses,2020-11-19,PC,No Dropmod
m3g34kwz,All Bosses,2020-11-14,PC,No Dropmod
zxd7ld5y,All Bosses,2020-11-12,PC,No Dropmod
z09p6eez,All Bosses,2020-11-10,PC,No Dropmod
y8rjlg1m,All Bosses,2020-11-08,Switch,No Dropmod
yd0wwwvz,All Bosses,2020-11-07,PC,No Dropmod
yv9q2p8z,All Bosses,2020-11-05,PC,No Dropmod
z1o2ejwm,All Bosses,2020-11-05,PC,No Dropmod
m3grergz,All Bosses,2020-10-29,PC,No Dropmod
y4er1o2m,All Bosses,2020-10-25,PC,No Dropmod
z530975y,All Bosses,2020-10-24,PC,No Dropmod
m75dqe5z,All Bosses,2020-10-24,PC,No Dropmod
mk878dxm,All Bosses,2020-10-19,PC,No Dropmod
zn3o837y,All Bosses,2020-10-18,PC,No Dropmod
y8rvq45m,All Bosses,2020-10-18,PC,No Dropmod
yd0935jz,All Bosses,2020-10-18,PC,No Dropmod
m3gnordz,All Bosses,2020-10-18,PC,No Dropmod
m3ggd8qz,All Bosses,2020-10-12,PC,No Dropmod
ylvkwl3m,All Bosses,2020-10-10,PC,No Dropmod
m3g1jqqz,All Bosses,2020-10-02,PC,No Dropmod
ylv430rm,All Bosses,2020-09-18,PC,No Dropmod
zxd4918y,All Bosses,2020-09-18,PC,No Dropmod
y917gvrm,All Bosses,2020-09-17,PC,No Dropmod
zplqk4xm,All Bosses,2020-09-16,PC,No Dropmod
m751860z,All Bosses,2020-09-06,PlayStation 4,No Dropmod
zpr7en8m,All Bosses,2020-09-03,PC,No Dropmod
yok1o35z,All Bosses,2020-08-28,PC,No Dropmod
znk6jn3z,All Bosses,2020-08-13,PC,No Dropmod
zgw9e1vy,All Bosses,2020-08-07,PC,No Dropmod
zproo1gm,All Bosses,2020-08-02,PlayStation 4,No Dropmod
yokq61dz,All Bosses,2020-07-24,PC,No Dropmod
zgw8j50y,All Bosses,2020-07-07,PC,No Dropmod
z05j6eem,All Bosses,2020-06-27,PC,No Dropmod
zprgknnm,All Bosses,2020-06-24,PC,No Dropmod
y65ov0pz,All Bosses,2020-06-23,PC,No Dropmod
y4wxv43m,All Bosses,2020-06-17,PC,No Dropmod
zx28rvkm,All Bosses,2020-06-17,PC,No Dropmod
yjlp2jnz,All Bosses,2020-06-08,PC,No Dropmod
y4w8djdm,All Bosses,2020-06-04,PC,No Dropmod
y65nvq6z,All Bosses,2020-06-02,PC,No Dropmod
zgwdn5dy,All Bosses,2020-05-30,PC,No Dropmod
zqw0ggrz,All Bosses,2020-05-30,PC,No Dropmod
z057vpjm,All Bosses,2020-05-29,PC,No Dropmod
z5jx89dm,All Bosses,2020-05-29,PC,No Dropmod
meo4wvqz,All Bosses,2020-05-25,PC,No Dropmod
yw8qlr9y,All Bosses,2020-05-23,PC,No Dropmod
znk0wg8z,All Bosses,2020-05-22,PC,No Dropmod
zx2dp7gm,All Bosses,2020-05-08,PC,No Dropmod
ylkvj6kz,All Bosses,2020-05-07,PC,No Dropmod
znkk7e7z,All Bosses,2020-04-26,PC,No Dropmod
m7g8d90m,All Bosses,2020-04-18,PC,No Dropmod
y25q82wy,All Bosses,2020-04-14,PC,No Dropmod
z153p1jy,All Bosses,2020-04-04,PC,No Dropmod
y907n8ey,All Bosses,2020-04-02,PC,No Dropmod
zprn25xm,All Bosses,2020-03-27,PC,No Dropmod
z574w9gm,All Bosses,2020-02-29,PC,No Dropmod
zxkpx08m,All Bosses,2020-02-17,PC,No Dropmod
z01kdjjy,All Bosses,2020-02-06,PC,No Dropmod
y6l83j0y,All Bosses,2020-01-29,PC,No Dropmod
yj3qr1gz,All Bosses,2020-01-27,PC,No Dropmod
z1j62ngz,All Bosses,2020-01-23,PC,No Dropmod
yw4rxppz,All Bosses,2019-11-21,PC,No Dropmod
z1j271jz,All Bosses,2019-09-16,PC,No Dropmod
y89pg7nm,All Bosses,2019-01-31,PC,No Dropmod
m7p09p9m,All Bosses,2018-12-06,PC,No Dropmod
zp09w48m,All Bosses,2018-10-26,PC,No Dropmod
y43r6odz,All Bosses,2018-09-12,PC,No Dropmod
m7p5lx0m,All Bosses,2018-08-16,PC,No Dropmod
y6plxopm,All Bosses,2018-07-15,PC,No Dropmod
zx4ve58y,All Bosses,2018-06-21,PC,No Dropmod
zq36qe8y,All Bosses,2018-06-18,PC,No Dropmod
zx4vl85y,All Bosses,2018-06-14,PC,No Dropmod
z1131vjz,All Bosses,2018-06-08,PC,No Dropmod
zq3kn3ry,All Bosses,2018-06-04,PC,No Dropmod
zn4w9n3m,All Bosses,2018-06-03,PC,No Dropmod
yj4j2rdy,All Bosses,2018-05-31,PC,No Dropmod
me8vej8m,All Bosses,2018-05-30,PC,No Dropmod
yo2vlrjz,All Bosses,2018-05-30,PC,No Dropmod
yd38wvvz,All Bosses,2018-05-29,PC,No Dropmod
zx49868y,All Bosses,2018-05-29,PC,No Dropmod
z11d2n7z,All Bosses,2018-05-28,PC,No Dropmod
y43973kz,All Bosses,2018-05-27,PC,No Dropmod
zp0n8lrm,All Bosses,2018-05-27,PC,No Dropmod
zq3kg9xy,All Bosses,2018-05-26,PC,No Dropmod
yj4j12dy,All Bosses,2018-05-26,PC,No Dropmod
y6p3ll1m,All Bosses,2018-05-25,PC,No Dropmod
z03w1j9z,All Bosses,2018-05-25,PC,No Dropmod
mkonq1xz,All Achievements,2025-04-04,PC,No Dropmod
zx3wl6qz,All Achievements,2023-07-16,PC,No Dropmod
zpw80jny,All Achievements,2023-06-14,PC,No Dropmod
z07k15jy,All Achievements,2021-11-01,PC,No Dropmod
yj5qjl7m,All Achievements,2021-10-25,PC,No Dropmod
yo6n9ejy,All Achievements,2021-09-27,PC,No Dropmod
z5de2p5m,All Achievements,2021-09-22,PC,No Dropmod
yderdoxm,All Achievements,2021-08-28,PC,No Dropmod
z1x5x2gm,All Achievements,2021-08-13,PC,No Dropmod
yde678wm,All Achievements,2021-08-11,PC,No Dropmod
zno8p1ly,All Achievements,2021-01-17,PC,No Dropmod
zx2qnqgm,All Achievements,2020-07-11,PC,No Dropmod
z5jvxqdm,All Achievements,2020-06-01,PC,No Dropmod
mreddngy,All Achievements,2020-01-26,PC,No Dropmod
y81pl4wz,All Achievements,2020-01-04,PC,No Dropmod
y21jjk7z,All Achievements,2019-11-04,PC,No Dropmod
z01o748y,All Achievements,2019-09-14,PC,No Dropmod
yl0rk9ry,All Achievements,2019-08-28,PC,No Dropmod
zx41l5ey,All Achievements,2019-04-22,PC,No Dropmod
y4v73ldy,Glitchless,2026-03-29,PC,Dropmod
y26xvewm,Glitchless,2026-03-25,PC,Dropmod
y8l979xm,Glitchless,2026-03-03,PC,Dropmod
ywo4p8nm,Glitchless,2026-03-03,PC,Dropmod
m38ox4qy,Glitchless,2026-03-02,PC,No Dropmod
y2611o9m,Glitchless,2026-03-02,PlayStation 5,No Dropmod
y9g2v9em,Glitchless,2026-03-01,PlayStation 5,No Dropmod
zpv02erz,Glitchless,2026-02-27,PlayStation 5,No Dropmod
yo82jq7z,Glitchless,2026-02-26,PC,Dropmod
ydp393jy,Glitchless,2026-02-24,PlayStation 5,No Dropmod
z103kx9m,Glitchless,2026-02-24,PC,Dropmod
y2631n6m,Glitchless,2026-02-22,PC,No Dropmod
zn6w2j3y,Glitchless,2026-02-19,PC,Dropmod
y2rolx7m,Glitchless,2026-02-11,PC,No Dropmod
zp5jo2ry,Glitchless,2026-02-10,PC,Dropmod
z0k4xvom,Glitchless,2026-02-04,PC,No Dropmod
mepdqg8y,Glitchless,2026-01-31,PC,Dropmod
y8nled1y,Glitchless,2026-01-28,PC,No Dropmod
zg99vejm,Glitchless,2026-01-22,PC,Dropmod
m322o3dy,Glitchless,2026-01-21,PC,Dropmod
zp5ovegy,Glitchless,2026-01-20,PC,Dropmod
y40nvqqz,Glitchless,2026-01-17,PC,Dropmod
zg96p1jm,Glitchless,2026-01-16,PC,Dropmod
zn59928z,Glitchless,2026-01-14,PC,No Dropmod
yv5x0p4m,Glitchless,2026-01-07,PC,Dropmod
zn5xkxvz,Glitchless,2026-01-05,PC,No Dropmod
yw5wq2ny,Glitchless,2026-01-02,PC,Dropmod
zx5q88qm,Glitchless,2025-12-31,PC,No Dropmod
yl5d3j2z,Glitchless,2025-12-30,PC,No Dropmod
zng5k33m,Glitchless,2025-12-28,PC,No Dropmod
ydo2prvz,Glitchless,2025-12-28,PC,Dropmod
mr5ldl4y,Glitchless,2025-12-22,PC,Dropmod
yo5r7ljz,Glitchless,2025-11-22,PC,Dropmod
z172dorz,Glitchless,2025-11-20,PC,No Dropmod
zq5g94rz,Glitchless,2025-11-03,PC,No Dropmod
z56jkgjy,Glitchless,2025-10-21,PC,Dropmod
yo539q7z,Glitchless,2025-10-19,PC,No Dropmod
ydoq4gjz,Glitchless,2025-10-02,PC,No Dropmod
m7v1lw0m,Glitchless,2025-09-24,PC,Dropmod
y2r9n67m,Glitchless,2025-09-21,PlayStation 4,No Dropmod
y8g55ewz,Glitchless,2025-09-18,PC,Dropmod
m329xr4y,Glitchless,2025-09-17,PC,Dropmod
y28ok3jy,Glitchless,2025-09-07,PC,No Dropmod
zqplpj5m,Glitchless,2025-09-07,PC,Dropmod
yd47v5qy,Glitchless,2025-09-06,PC,Dropmod
y4n407km,Glitchless,2025-09-01,PC,Dropmod
yoegeo7z,Glitchless,2025-09-01,PC,Dropmod
zg600qnm,Glitchless,2025-09-01,PC,Dropmod
m7vqwg4m,Glitchless,2025-08-31,PC,Dropmod
z1646jjm,Glitchless,2025-08-31,PC,Dropmod
y8glnewz,Glitchless,2025-08-26,PC,No Dropmod
y9egpekz,Glitchless,2025-08-25,PC,Dropmod
y9ew40ez,Glitchless,2025-08-21,PC,Dropmod
zng6onlm,Glitchless,2025-08-21,PC,Dropmod
ylj5qkkm,Glitchless,2025-08-17,PC,Dropmod
yd4o2qqy,Glitchless,2025-08-15,PC,Dropmod
y4nnlxkm,Glitchless,2025-08-13,PC,Dropmod
y8ggxw1z,Glitchless,2025-08-12,PC,Dropmod
y8ggd3nz,Glitchless,2025-08-11,PC,Dropmod
y288qq9y,Glitchless,2025-08-10,PC,No Dropmod
y4njpr3m,Glitchless,2025-08-08,PC,Dropmod
z008olez,Glitchless,2025-08-06,PC,No Dropmod
yoeqjgjz,Glitchless,2025-08-04,PlayStation 4,No Dropmod
m7lepp0y,Glitchless,2025-08-04,PC,Dropmod
z00q8gez,Glitchless,2025-08-02,PlayStation 4,No Dropmod
z16np8rm,Glitchless,2025-07-30,PC,Dropmod
zx0qrwgz,Glitchless,2025-07-28,PC,Dropmod
me2gq28m,Glitchless,2025-07-28,PC,Dropmod
z16993wm,Glitchless,2025-07-26,PlayStation 4,
z1695g7m,Glitchless,2025-07-24,PlayStation 4,No Dropmod
y6je5v0m,Glitchless,2025-07-23,PC,No Dropmod
yv7vkg6y,Glitchless,2025-07-22,PC,Dropmod
yoen5o1z,Glitchless,2025-07-16,PC,Dropmod
y6j2001m,Glitchless,2025-07-14,PC,No Dropmod
y9e8oe2z,Glitchless,2025-07-11,PC,Dropmod
y28jk17y,Glitchless,2025-07-09,PC,Dropmod
yjq826om,Glitchless,2025-07-08,PC,No Dropmod
zngjqrvm,Glitchless,2025-07-08,PC,
zx0ngx5z,Glitchless,2025-07-06,PC,No Dropmod
yv70lpey,Glitchless,2025-07-03,PC,No Dropmod
yoelnk5z,Glitchless,2025-06-30,PC,Dropmod
zngp9r3m,Glitchless,2025-06-27,PC,Dropmod
me236q2m,Glitchless,2025-06-24,PC,Dropmod
zx0l76kz,Glitchless,2025-06-20,PC,Dropmod
mkwe5nxm,Glitchless,2025-06-20,PC,Dropmod
zx0llogz,Glitchless,2025-06-20,PC,Dropmod
zpo23vxm,Glitchless,2025-06-19,PC,No Dropmod
yd4w850y,Glitchless,2025-06-17,PC,
yjqx4edm,Glitchless,2025-06-17,PC,Dropmod
z5wdn0nz,Glitchless,2025-06-16,PC,No Dropmod
y6j9r5qm,Glitchless,2025-06-13,PC,No Dropmod
m7l75g5y,Glitchless,2025-06-13,PC,Dropmod
yoe6je0z,Glitchless,2025-06-12,Xbox Series X,No Dropmod
yljqgqkm,Glitchless,2025-06-11,PC,
yljqwvkm,Glitchless,2025-06-09,PC,No Dropmod
me276l9m,Glitchless,2025-06-06,PC,Dropmod
yoe9dvdz,Glitchless,2025-05-30,PC,Dropmod
me294g9m,Glitchless,2025-05-29,PC,Dropmod
z006qdjz,Glitchless,2025-05-28,Xbox Series X,No Dropmod
mkw8xqxm,Glitchless,2025-05-27,PC,Dropmod
m7lg29ey,Glitchless,2025-05-22,PC,Dropmod
yw28qk2y,Glitchless,2025-05-21,PC,Dropmod
m3v5kv6z,Glitchless,2025-05-19,PC,No Dropmod
zpor9j8m,Glitchless,2025-05-18,PC,No Dropmod
yd4558vy,Glitchless,2025-05-16,PC,Dropmod
y9e5qdez,Glitchless,2025-05-14,PC,Dropmod
zngr5wlm,Glitchless,2025-05-13,PC,No Dropmod
mrde27gz,Glitchless,2025-05-12,PC,
yljk3lrm,Glitchless,2025-05-12,PC,Dropmod
mrdeo4gz,Glitchless,2025-05-09,PC,Dropmod
yljr51nm,Glitchless,2025-05-08,PC,Dropmod
mkw9r5vm,Glitchless,2025-05-06,PC,Dropmod
z161k9wm,Glitchless,2025-05-05,PC,Dropmod
zng4ovlm,Glitchless,2025-05-03,PC,
yw2pjq3y,Glitchless,2025-05-03,PC,Dropmod
z5w11kgz,Glitchless,2025-05-01,PC,No Dropmod
y2rkx5wm,Glitchless,2025-04-27,PC,Dropmod
y9e712ez,Glitchless,2025-04-25,PC,Dropmod
y289no7y,Glitchless,2025-04-23,PC,Dropmod
z16djvgm,Glitchless,2025-04-19,PC,Dropmod
m7erv60z,Glitchless,2025-04-18,PC,
zgj46ldz,Glitchless,2025-04-16,PC,No Dropmod
zpk7rgny,Glitchless,2025-04-14,PC,No Dropmod
ydvk810y,Glitchless,2025-04-13,PC,No Dropmod
yoqwg80z,Glitchless,2025-04-12,PC,No Dropmod
zgj595jz,Glitchless,2025-04-12,PC,Dropmod
zxj1w48y,Glitchless,2025-04-10,PlayStation 5,No Dropmod
z08gxe8m,Glitchless,2025-04-10,PC,Dropmod
y9prjgrm,Glitchless,2025-04-10,PC,Dropmod
z1vep9wz,Glitchless,2025-04-09,PC,Dropmod
yww9j33y,Glitchless,2025-04-09,PC,Dropmod
z1verx7z,Glitchless,2025-04-08,PC,Dropmod
yww7l13y,Glitchless,2025-04-06,PC,No Dropmod
ylpww5rm,Glitchless,2025-04-06,PC,No Dropmod
zgj0e40z,Glitchless,2025-03-30,PC,Dropmod
y4jv8j2y,Glitchless,2025-03-28,PC,No Dropmod
mend663m,Glitchless,2025-03-26,PC,
mr0505gm,Glitchless,2025-03-23,PC,No Dropmod
m7ev095z,Glitchless,2025-03-22,PC,No Dropmod
y8on911m,Glitchless,2025-03-20,Xbox One,No Dropmod
m7evx49z,Glitchless,2025-03-20,PC,No Dropmod
men22k2m,Glitchless,2025-03-18,PC,Dropmod
mkowvv1z,Glitchless,2025-03-17,PC,Dropmod
y2n820wy,Glitchless,2025-03-15,PC,No Dropmod
y8og9pwm,Glitchless,2025-03-14,PC,Dropmod
z1vved9z,Glitchless,2025-03-13,PC,Dropmod
yvnn7k6m,Glitchless,2025-03-12,Xbox One,No Dropmod
y2nnn7jy,Glitchless,2025-03-12,PC,Dropmod
ydvvw9wy,Glitchless,2025-03-10,PC,No Dropmod
ywwwd52y,Glitchless,2025-03-09,PC,
y2nwle7y,Glitchless,2025-03-07,PC,No Dropmod
yoqx0xdz,Glitchless,2025-03-05,PC,Dropmod
z5lgx65y,Glitchless,2025-03-05,PC,
zq28lo5z,Glitchless,2025-03-01,PC,No Dropmod
y6g2gj1m,Glitchless,2025-02-18,PC,
y4jxvlqy,Glitchless,2025-02-07,PC,Dropmod
men1n92m,Glitchless,2025-02-06,PC,Dropmod
zpkdl0ny,Glitchless,2025-02-03,PC,
men3x13m,Glitchless,2025-01-27,PC,No Dropmod
z5lvvkgy,Glitchless,2025-01-23,PC,
ydvw07xy,Glitchless,2025-01-20,PC,
m7e74q0z,Glitchless,2025-01-17,PC,No Dropmod
ylpq8lnm,Glitchless,2025-01-15,Xbox Series X,No Dropmod
yje14nom,Glitchless,2025-01-04,PC,No Dropmod
zgjvp8nz,Glitchless,2024-12-24,PC,Dropmod
y8o237xm,Glitchless,2024-12-24,PC,
y2n15k6y,Glitchless,2024-12-17,PC,
yoq2wd7z,Glitchless,2024-12-15,PC,
ylp4282m,Glitchless,2024-12-13,PC,No Dropmod
yjek8e7m,Glitchless,2024-12-07,PC,Dropmod
mr0q1g2m,Glitchless,2024-12-06,PC,Dropmod
z08epw4m,Glitchless,2024-12-06,PC,
y8oq1n1m,Glitchless,2024-12-05,PC,Dropmod
y9d4do2m,Glitchless,2024-11-24,PC,Dropmod
ylx8eqny,Glitchless,2024-11-16,PC,Dropmod
y2wod66y,Glitchless,2024-11-15,PC,
m7ok965y,Glitchless,2024-11-13,PC,Dropmod
meg5pl9y,Glitchless,2024-11-11,Xbox Series X,No Dropmod
znxlq2vy,Glitchless,2024-11-09,PC,Dropmod
zxxr765z,Glitchless,2024-11-08,PC,
y8o3gr5m,Glitchless,2024-11-06,PC,Dropmod
y8p433dz,Glitchless,2024-11-05,PC,No Dropmod
z0q25njm,Glitchless,2024-10-31,PC,Dropmod
y4lv8x3z,Glitchless,2024-10-31,PC,Dropmod
ylx5lk3y,Glitchless,2024-10-27,Xbox Series X,No Dropmod
zgo9830m,Glitchless,2024-10-27,PC,Dropmod
y2wrvlwy,Glitchless,2024-10-25,PC,Dropmod
ywx54knm,Glitchless,2024-10-24,PC,Dropmod
zxx5d45z,Glitchless,2024-10-24,PC,No Dropmod
zpxogqnm,Glitchless,2024-10-20,PC,No Dropmod
m3j2go4z,Glitchless,2024-10-20,PC,Dropmod
mrxdrj4m,Glitchless,2024-10-19,Xbox Series X,No Dropmod
yvxn1j4z,Glitchless,2024-10-12,PC,No Dropmod
z5gg8xgm,Glitchless,2024-10-07,PC,No Dropmod
y8pkko1z,Glitchless,2024-09-24,PC,No Dropmod
yj927kdz,Glitchless,2024-09-18,PC,No Dropmod
y2wg127y,Glitchless,2024-09-15,PC,No Dropmod
y6ex5g6z,Glitchless,2024-09-02,PC,Dropmod
y9d37nvm,Glitchless,2024-08-08,PC,Dropmod
mk136rly,Glitchless,2024-07-31,PC,Dropmod
ywx830nm,Glitchless,2024-07-28,PC,No Dropmod
z1nj65gy,Glitchless,2024-07-25,PC,Dropmod
megxlp8y,Glitchless,2024-07-24,PC,Dropmod
mk12031y,Glitchless,2024-07-24,PC,No Dropmod
y6ep2ppz,Glitchless,2024-07-19,Xbox Series X,No Dropmod
znx4pn8y,Glitchless,2024-07-18,PC,Dropmod
z5g1eqgm,Glitchless,2024-07-16,PC,No Dropmod
yj9kdenz,Glitchless,2024-07-13,PlayStation 5,No Dropmod
yj9kk4oz,Glitchless,2024-07-11,PlayStation 5,No Dropmod
y8p3w15z,Glitchless,2024-07-09,PlayStation 5,No Dropmod
y8p3xq5z,Glitchless,2024-07-08,PlayStation 5,No Dropmod
mrxj9gdm,Glitchless,2024-07-07,Xbox Series X,No Dropmod
yo0wx67y,Glitchless,2024-06-27,PC,Dropmod
zgl5orvm,Glitchless,2024-06-27,PC,No Dropmod
zq8og6xz,Glitchless,2024-06-18,PC,Dropmod
m7n41xwz,Glitchless,2024-06-17,PC,No Dropmod
m7njveez,Glitchless,2024-06-16,PlayStation 4,No Dropmod
zgl0n0dm,Glitchless,2024-06-16,PC,Dropmod
ywgov30z,Glitchless,2024-06-14,PC,Dropmod
mrv5g64z,Glitchless,2024-06-10,PC,Dropmod
zgl9oqvm,Glitchless,2024-06-09,PC,Dropmod
ywg5kepz,Glitchless,2024-06-07,PC,Dropmod
y460w6qz,Glitchless,2024-06-06,PC,Dropmod
z1ne349y,Glitchless,2024-06-04,PC,Dropmod
y9jw20em,Glitchless,2024-06-03,PC,No Dropmod
z58wv5ez,Glitchless,2024-06-01,PC,Dropmod
yo0e6d0y,Glitchless,2024-06-01,PC,Dropmod
y6vjpvqm,Glitchless,2024-05-30,PC,No Dropmod
z0d88k9y,Glitchless,2024-05-28,PC,Dropmod
zn2xl58z,Glitchless,2024-05-23,PC,No Dropmod
m30jdrdm,Glitchless,2024-05-18,PC,Dropmod
y6ve38jm,Glitchless,2024-05-18,PC,No Dropmod
y8wwk2wy,Glitchless,2024-05-15,PC,Dropmod
zq8dplxz,Glitchless,2024-05-11,PC,No Dropmod
y9jkedvm,Glitchless,2024-05-11,PC,No Dropmod
ywgn24nz,Glitchless,2024-05-11,PC,Dropmod
y46kqv2z,Glitchless,2024-05-09,PC,Dropmod
yvlv30oz,Glitchless,2024-05-07,PC,No Dropmod
z19l6pjm,Glitchless,2024-05-05,PC,No Dropmod
y6vo20jm,Glitchless,2024-04-28,PC,No Dropmod
yvl0dq8z,Glitchless,2024-04-24,PC,Dropmod
y8w030xy,Glitchless,2024-04-24,PC,Dropmod
mrvr0d2z,Glitchless,2024-04-23,PC,Dropmod
m7nx285z,Glitchless,2024-04-21,PC,No Dropmod
y46x242z,Glitchless,2024-04-20,PC,No Dropmod
y6v0wk1m,Glitchless,2024-04-18,PC,No Dropmod
zp69lwgm,Glitchless,2024-04-13,PC,
y6vn431m,Glitchless,2024-04-11,PC,No Dropmod
y9jlwenm,Glitchless,2024-04-11,PC,No Dropmod
z0do5jey,Glitchless,2024-04-07,PC,No Dropmod
yo062e5y,Glitchless,2024-03-31,PC,No Dropmod
yldr903m,Glitchless,2024-03-30,PC,No Dropmod
zxqgj8km,Glitchless,2024-03-29,PC,No Dropmod
m7n8424z,Glitchless,2024-03-24,PC,No Dropmod
ywgdoppz,Glitchless,2024-03-18,PC,No Dropmod
zp6rdngm,Glitchless,2024-03-09,PC,No Dropmod
mewo6oqm,Glitchless,2024-03-08,PC,No Dropmod
yjol6koz,Glitchless,2024-03-08,PC,No Dropmod
y8w13vny,Glitchless,2024-02-27,PC,
zq83vwrz,Glitchless,2024-02-24,Xbox Series X,No Dropmod
z19d6vwm,Glitchless,2024-02-16,PC,No Dropmod
m7n1725z,Glitchless,2024-02-11,PlayStation 5,No Dropmod
mr23kgdy,Glitchless,2024-02-07,PC,No Dropmod
m7n1x10z,Glitchless,2024-02-04,PC,No Dropmod
znel98lz,Glitchless,2024-01-29,PC,No Dropmod
y9kqdwrz,Glitchless,2024-01-29,PC,No Dropmod
m3k4rwqy,Glitchless,2024-01-27,PC,No Dropmod
yooexndy,Glitchless,2024-01-12,PlayStation 5,No Dropmod
z1k6qg9y,Glitchless,2024-01-11,PlayStation 5,No Dropmod
m73e459y,Glitchless,2024-01-07,PC,No Dropmod
me0g100z,Glitchless,2023-12-30,PC,No Dropmod
m733399y,Glitchless,2023-12-18,PC,No Dropmod
ywnrpx2y,Glitchless,2023-12-07,PC,No Dropmod
yvv8dney,Glitchless,2023-12-05,PC,No Dropmod
m3kxw36y,Glitchless,2023-11-26,PC,No Dropmod
y9kvewvz,Glitchless,2023-11-19,PC,No Dropmod
m3k7164y,Glitchless,2023-10-30,PC,No Dropmod
mkq5335m,Glitchless,2023-10-30,PC,No Dropmod
ywnq7q3y,Glitchless,2023-10-28,PC,No Dropmod
zxw65wkm,Glitchless,2023-10-20,PC,No Dropmod
yoo97n7y,Glitchless,2023-10-16,PC,No Dropmod
me063q3z,Glitchless,2023-10-10,PC,No Dropmod
y8k2jrxy,Glitchless,2023-10-03,PC,No Dropmod
yjw383dm,Glitchless,2023-09-27,PC,No Dropmod
zg8n3vny,Glitchless,2023-09-18,PC,No Dropmod
yll9q72y,Glitchless,2023-09-13,PC,No Dropmod
yd28xewm,Glitchless,2023-09-10,PlayStation 4,No Dropmod
yoovkedy,Glitchless,2023-09-06,PC,No Dropmod
m70rlpwy,Glitchless,2023-09-03,PlayStation 4,No Dropmod
y865qk5m,Glitchless,2023-08-31,PlayStation 4,No Dropmod
m70k879y,Glitchless,2023-08-26,PC,No Dropmod
y624vkqz,Glitchless,2023-08-23,PlayStation 4,No Dropmod
y98qkkrz,Glitchless,2023-08-22,PlayStation 4,No Dropmod
z0j4rr9y,Glitchless,2023-08-21,PlayStation 4,No Dropmod
z0j4ep8y,Glitchless,2023-08-20,PlayStation 4,No Dropmod
zqj5lj5m,Glitchless,2023-08-13,PC,No Dropmod
ywr55r0m,Glitchless,2023-08-12,PC,No Dropmod
znv5208m,Glitchless,2023-08-11,PC,No Dropmod
zge6lley,Glitchless,2023-08-06,PC,No Dropmod
z0j0oo9y,Glitchless,2023-08-05,PlayStation 4,No Dropmod
ywr2810m,Glitchless,2023-08-04,PC,No Dropmod
mk0ox11z,Glitchless,2023-08-02,PlayStation 4,No Dropmod
yonqvgdz,Glitchless,2023-07-29,PC,No Dropmod
yvpn908y,Glitchless,2023-07-29,PC,No Dropmod
z0jq6kjy,Glitchless,2023-07-25,PC,No Dropmod
m3qjo2qy,Glitchless,2023-07-25,PC,No Dropmod
zgeo73dy,Glitchless,2023-07-24,PC,No Dropmod
y2g2l49z,Glitchless,2023-07-24,PC,No Dropmod
znv27v7m,Glitchless,2023-07-21,Xbox One,No Dropmod
znve069m,Glitchless,2023-07-16,PC,No Dropmod
yvpv9xxy,Glitchless,2023-07-15,PC,No Dropmod
mel00p0z,Glitchless,2023-07-13,PC,No Dropmod
yoop7jjy,Glitchless,2023-07-12,PC,
mk0d153z,Glitchless,2023-07-03,PC,No Dropmod
y4o2ev3z,Glitchless,2023-06-03,PC,No Dropmod
y2gd1qwz,Glitchless,2023-05-24,PC,No Dropmod
z1lojjrm,Glitchless,2023-05-24,PC,
y869lr5m,Glitchless,2023-05-12,PC,No Dropmod
ywrerx2m,Glitchless,2023-04-27,PC,No Dropmod
m3q99nqy,Glitchless,2023-04-23,PC,No Dropmod
ydg7nlxy,Glitchless,2023-04-14,PC,No Dropmod
mkvxq0xy,Glitchless,2023-04-01,Xbox One,No Dropmod
z0n0pv8m,Glitchless,2023-03-18,Xbox One,No Dropmod
meenrl8m,Glitchless,2023-03-13,Xbox One,No Dropmod
z1qv5o7y,Glitchless,2023-03-12,PC,No Dropmod
m72ew8ez,Glitchless,2023-03-12,Xbox One,No Dropmod
zqe25qxz,Glitchless,2023-03-12,PC,No Dropmod
ywvxqo9z,Glitchless,2023-03-06,Xbox One,No Dropmod
z0nd068m,Glitchless,2023-03-02,PC,No Dropmod
m72n7v5z,Glitchless,2023-03-01,PC,No Dropmod
m72nqewz,Glitchless,2023-02-27,Xbox One,No Dropmod
y2jkkr5z,Glitchless,2023-02-24,PC,No Dropmod
y6oqlrpy,Glitchless,2023-02-21,PC,No Dropmod
yolndddy,Glitchless,2023-02-18,PC,No Dropmod
zxn8dpgm,Glitchless,2023-02-05,PC,No Dropmod
y2jpl75z,Glitchless,2023-02-03,Switch,No Dropmod
yj8xgg3m,Glitchless,2023-01-25,PC,No Dropmod
z5ev525z,Glitchless,2023-01-23,Switch,No Dropmod
y6o929qy,Glitchless,2023-01-20,PC,No Dropmod
y4grrd2y,Glitchless,2023-01-13,PC,No Dropmod
ydgrv4wy,Glitchless,2023-01-11,PC,No Dropmod
y4gwvk2y,Glitchless,2022-12-29,PC,No Dropmod
y2jqk66z,Glitchless,2022-12-14,PC,No Dropmod
yol4xwjy,Glitchless,2022-12-07,Xbox One,No Dropmod
yj8k4ogm,Glitchless,2022-12-02,PC,No Dropmod
z1qdk0ry,Glitchless,2022-11-29,PC,No Dropmod
y6xkvn6y,Glitchless,2022-11-23,PC,
y8x59rwm,Glitchless,2022-11-20,PC,No Dropmod
y4g8nxqy,Glitchless,2022-11-15,PC,No Dropmod
yl1wj82m,Glitchless,2022-11-12,PC,No Dropmod
mkdn065y,Glitchless,2022-11-11,PC,
zq9n989y,Glitchless,2022-11-02,PC,No Dropmod
y4x08dnz,Glitchless,2022-10-25,PC,No Dropmod
yd14wjxy,Glitchless,2022-10-20,PC,No Dropmod
m7xerley,Glitchless,2022-10-17,PC,No Dropmod
y4x6eq2z,Glitchless,2022-10-01,PC,No Dropmod
znq2wjlz,Glitchless,2022-09-30,PC,No Dropmod
yv0vpp6z,Glitchless,2022-09-27,PC,No Dropmod
y2j602jz,Glitchless,2022-09-16,PC,No Dropmod
m7xxv14y,Glitchless,2022-09-11,PC,No Dropmod
y4x8nvdz,Glitchless,2022-09-03,PC,No Dropmod
yjd65p3y,Glitchless,2022-08-17,PC,No Dropmod
me16800y,Glitchless,2022-08-16,PlayStation 4,No Dropmod
zx8donqm,Glitchless,2022-08-16,PC,No Dropmod
y6x5owpy,Glitchless,2022-08-14,PlayStation 4,No Dropmod
m3x1e26m,Glitchless,2022-08-11,PC,No Dropmod
y4x1okkz,Glitchless,2022-08-10,PC,No Dropmod
y604pw6y,Glitchless,2022-07-18,PC,No Dropmod
znp6618m,Glitchless,2022-07-17,PC,No Dropmod
z0p21g9y,Glitchless,2022-07-14,PC,No Dropmod
z0pkrpjy,Glitchless,2022-07-10,PC,No Dropmod
zq7p2g5m,Glitchless,2022-07-07,PC,
y9vjnk2m,Glitchless,2022-06-21,PC,No Dropmod
y88kjj1y,Glitchless,2022-06-19,PC,No Dropmod
mkkd023m,Glitchless,2022-06-04,PC,No Dropmod
znppp5vm,Glitchless,2022-05-29,PC,No Dropmod
z1pk7qgz,Glitchless,2022-05-27,PC,No Dropmod
zq7vpd8m,Glitchless,2022-05-22,PC,No Dropmod
y4qr91dm,Glitchless,2022-05-13,PC,No Dropmod
y2p5rwwz,Glitchless,2022-04-29,PC,No Dropmod
z1p5odjz,Glitchless,2022-04-27,PC,No Dropmod
mkk9k05m,Glitchless,2022-04-17,PC,No Dropmod
ylegwerz,Glitchless,2022-03-31,PC,No Dropmod
y9lr222y,Glitchless,2022-03-22,PC,No Dropmod
ywj9112z,Glitchless,2022-03-21,PC,No Dropmod
y9lqdp2y,Glitchless,2022-03-19,Xbox One,No Dropmod
zn76363m,Glitchless,2022-03-09,Xbox One,No Dropmod
yjx980nz,Glitchless,2022-02-19,PC,
m360k64m,Glitchless,2022-02-14,PC,No Dropmod
yvqlg8em,Glitchless,2022-02-11,PC,
y6nqlqjz,Glitchless,2022-02-06,PC,
zgd8wrjz,Glitchless,2022-02-06,PC,No Dropmod
z0oj999z,Glitchless,2022-02-02,PC,No Dropmod
y20jj56m,Glitchless,2022-01-29,PC,
zq0ev35y,Glitchless,2022-01-28,PC,No Dropmod
y20ewj6m,Glitchless,2022-01-25,PC,
zgdqpxvz,Glitchless,2022-01-24,PC,No Dropmod
y884lwdy,Glitchless,2022-01-21,PC,No Dropmod
zn7p12vm,Glitchless,2022-01-20,PC,No Dropmod
m7w7w49z,Glitchless,2022-01-11,PC,
y6nn60pz,Glitchless,2022-01-10,PC,
y8jd711z,Glitchless,2022-01-08,PC,No Dropmod
ywjqn93z,Glitchless,2022-01-07,PC,
yvq2le6m,Glitchless,2022-01-03,PC,No Dropmod
y4827ekm,Glitchless,2022-01-01,PC,
z5v3rjem,Glitchless,2021-12-29,PC,No Dropmod
z5v3erdm,Glitchless,2021-12-29,Xbox One,
mr6k147m,Glitchless,2021-12-23,PC,
zgdw7eez,Glitchless,2021-12-21,PC,No Dropmod
zn74e09m,Glitchless,2021-12-14,PC,No Dropmod
zn74onvm,Glitchless,2021-12-12,PC,No Dropmod
y8jqpq1z,Glitchless,2021-12-09,PC,No Dropmod
yor42w1y,Glitchless,2021-12-05,PC,No Dropmod
m77446em,Glitchless,2021-11-17,PC,No Dropmod
y69437qy,Glitchless,2021-11-12,PlayStation 4,No Dropmod
yj5787nm,Glitchless,2021-11-03,PC,No Dropmod
z0705rjy,Glitchless,2021-10-27,PC,No Dropmod
y27n447z,Glitchless,2021-10-25,PC,No Dropmod
y93p5dvy,Glitchless,2021-10-20,PC,No Dropmod
z5dgp0nm,Glitchless,2021-10-17,PC,No Dropmod
zxoxvn8z,Glitchless,2021-10-14,PC,No Dropmod
z07dkvoy,Glitchless,2021-10-12,PC,No Dropmod
zgr8jvnm,Glitchless,2021-10-05,PC,No Dropmod
ylr67g3y,Glitchless,2021-09-28,PC,No Dropmod
yo6lxw5y,Glitchless,2021-09-24,PC,No Dropmod
yvo81j4z,Glitchless,2021-09-22,PC,No Dropmod
y47q6d2y,Glitchless,2021-09-12,PC,No Dropmod
y8ejx61y,Glitchless,2021-09-06,PC,No Dropmod
y47820qy,Glitchless,2021-09-05,PC,No Dropmod
z5drd9dm,Glitchless,2021-08-28,PC,No Dropmod
z0754eey,Glitchless,2021-08-15,PC,No Dropmod
z1xj06rm,Glitchless,2021-08-12,PC,No Dropmod
yo6jw8jy,Glitchless,2021-08-12,PC,No Dropmod
me4xxg2y,Glitchless,2021-08-08,PC,No Dropmod
y932e62y,Glitchless,2021-08-05,PC,No Dropmod
ylr4onry,Glitchless,2021-08-03,PC,No Dropmod
ylr36jky,Glitchless,2021-07-26,PC,No Dropmod
yv1w828y,Glitchless,2021-07-22,PC,No Dropmod
ywql670y,Glitchless,2021-07-21,PC,No Dropmod
zp1jv3gz,Glitchless,2021-07-18,PC,No Dropmod
ywq7153y,Glitchless,2021-07-09,PC,No Dropmod
z5rn7egy,Glitchless,2021-07-05,PC,No Dropmod
zgg91ojz,Glitchless,2021-07-04,PC,No Dropmod
me72383y,Glitchless,2021-06-23,PC,No Dropmod
m3rj82dm,Glitchless,2021-06-22,PC,No Dropmod
m3rjkkgm,Glitchless,2021-06-21,PC,No Dropmod
mr1ox62z,Glitchless,2021-06-06,PC,No Dropmod
y2xj555m,Glitchless,2021-06-03,PC,No Dropmod
y8dx4p5z,Glitchless,2021-06-01,PC,No Dropmod
zxg83qey,Glitchless,2021-05-31,PC,No Dropmod
me77ll3y,Glitchless,2021-05-12,PC,No Dropmod
ywq0w69y,Glitchless,2021-05-08,PC,No Dropmod
ylqovqrz,Glitchless,2021-05-06,PC,No Dropmod
y2xd4gjm,Glitchless,2021-05-04,PC,No Dropmod
yv1j64ey,Glitchless,2021-04-18,PC,No Dropmod
yv1j81xy,Glitchless,2021-04-17,PC,No Dropmod
yv1gvoxy,Glitchless,2021-04-15,PC,No Dropmod
y8d3lv1z,Glitchless,2021-04-13,PC,No Dropmod
m3np3ngy,Glitchless,2021-04-03,PlayStation 4,No Dropmod
m3n4eqdy,Glitchless,2021-04-02,PC,No Dropmod
y8v4d9xz,Glitchless,2021-03-30,PC,No Dropmod
m3n2jdwy,Glitchless,2021-03-23,PC,No Dropmod
yd9o5xvz,Glitchless,2021-03-22,PC,No Dropmod
zx65688z,Glitchless,2021-03-22,PC,No Dropmod
y42n6wdm,Glitchless,2021-03-20,PC,No Dropmod
y9ne90rz,Glitchless,2021-03-19,PC,No Dropmod
yo9qd70y,Glitchless,2021-03-15,PC,No Dropmod
yv2k566m,Glitchless,2021-03-12,PC,No Dropmod
z06qdj9z,Glitchless,2021-03-11,PC,No Dropmod
me9wnl0z,Glitchless,2021-03-08,PC,No Dropmod
z50px5gy,Glitchless,2021-02-28,PC,No Dropmod
y9n6pdez,Glitchless,2021-02-26,PC,No Dropmod
zp3d79rm,Glitchless,2021-02-23,PC,No Dropmod
y9nxl2vz,Glitchless,2021-02-21,PC,No Dropmod
me93d6qz,Glitchless,2021-02-19,PC,No Dropmod
zp38vdrm,Glitchless,2021-02-12,PC,No Dropmod
y2vx1p7z,Glitchless,2021-02-05,PC,No Dropmod
z065er9z,Glitchless,2021-01-26,PC,No Dropmod
y8v9lkwz,Glitchless,2021-01-21,PC,No Dropmod
z53e9egy,Glitchless,2020-11-24,PC,No Dropmod
m756gewz,Glitchless,2020-11-11,PC,No Dropmod
ylve9d3m,Glitchless,2020-11-04,PC,No Dropmod
zgvg5wjz,Glitchless,2020-10-29,PC,No Dropmod
zxdgvrqy,Glitchless,2020-10-25,PC,No Dropmod
yd05x3vz,Glitchless,2020-10-11,PC,No Dropmod
zxd2r6ky,Glitchless,2020-10-11,Xbox One,No Dropmod
yd0q39jz,Glitchless,2020-09-12,PC,No Dropmod
mr98klgm,Glitchless,2020-09-10,PC,No Dropmod
y6r3nlqy,Glitchless,2020-09-07,PC,No Dropmod
z1odkngm,Glitchless,2020-09-07,PC,No Dropmod
y8r38w1m,Glitchless,2020-08-30,PC,No Dropmod
zqw54w9z,Glitchless,2020-08-05,PlayStation 4,No Dropmod
z05q1o8m,Glitchless,2020-07-16,PC,No Dropmod
z5j8lrnm,Glitchless,2020-06-30,PC,No Dropmod
zprv97xm,Glitchless,2020-05-17,Xbox One,No Dropmod
y2528e5y,Glitchless,2020-05-14,PC,No Dropmod
zq004o9y,Glitchless,2020-02-10,PlayStation 4,
y25rvq7y,Glitchless,2019-09-13,PC,No Dropmod
z1jx6pgz,Glitchless,2019-09-06,PC,No Dropmod
y415wj2y,Glitchless,2019-06-01,PC,No Dropmod
meow2w2z,Glitchless,2019-02-22,PlayStation 4,No Dropmod
zx2qjdqm,Glitchless,2019-01-13,PC,No Dropmod
yo2voqdz,Glitchless,2018-05-28,PlayStation 4,No Dropmod
yv5jwp4m,Soul Level 1,2025-10-10,PC,
y2r3d15m,Soul Level 1,2025-09-28,PC,
zqpo1l8m,Soul Level 1,2025-08-29,PC,
zng2w29m,Soul Level 1,2025-07-23,PC,
y6j2kx0m,Soul Level 1,2025-07-17,PC,
z5w3qqjz,Soul Level 1,2025-05-27,PC,
y6jpj3jm,Soul Level 1,2025-05-06,PC,
z5w1kndz,Soul Level 1,2025-05-05,PC,
m3wpjd6y,Soul Level 1,2025-04-11,PC,
y28gvv6y,Soul Level 1,2025-04-11,PC,
m3w259wy,Soul Level 1,2025-03-21,PC,
y4j05vny,Soul Level 1,2025-03-20,PC,
y2nnrk6y,Soul Level 1,2025-03-13,PC,
z1v99w7z,Soul Level 1,2025-02-28,PC,
mr027n7m,Soul Level 1,2025-02-19,PC,
m3wl5jdy,Soul Level 1,2025-02-09,PC,
yoqlk00z,Soul Level 1,2025-02-07,PC,
zpkd128y,Soul Level 1,2025-02-03,PC,
yoqd7r7z,Soul Level 1,2025-02-01,PC,
y6gr4wqm,Soul Level 1,2025-01-04,PC,
zpk07d8y,Soul Level 1,2024-12-17,PC,
z0qg8dem,Soul Level 1,2024-11-17,PC,
z1vl21jz,Soul Level 1,2024-10-06,PC,
zpxw6vgm,Soul Level 1,2024-09-18,PC,
yjoro3nz,Soul Level 1,2024-06-15,PC,
zq88ro8z,Soul Level 1,2024-05-13,PC,
m7n3rn5z,Soul Level 1,2024-05-11,PC,
yvlo3jez,Soul Level 1,2024-03-31,PC,
yldqe2rm,Soul Level 1,2024-03-27,PC,
y46r103z,Soul Level 1,2024-03-26,PC,
y46eo23z,Soul Level 1,2024-03-16,PC,
y2knln6y,Soul Level 1,2024-01-08,PC,
yd2gdewm,Soul Level 1,2023-12-01,PC,
y8k8p51y,Soul Level 1,2023-11-19,PC,
zqdjk58m,Soul Level 1,2023-11-06,PC,
z1koxkgy,Soul Level 1,2023-10-09,PC,
znjlg4lm,Soul Level 1,2023-04-08,PC,
yj89577m,Soul Level 1,2023-03-06,PC,
znjvpl9m,Soul Level 1,2023-02-18,PC,
ydgj5gxy,Soul Level 1,2023-02-16,PlayStation 4,
z1ql5vjy,Soul Level 1,2023-02-16,PlayStation 4,
y4ggo92y,Soul Level 1,2023-02-12,PC,
ylnnvnnz,Soul Level 1,2023-02-10,PlayStation 4,
mkvd82vy,Soul Level 1,2023-02-04,PlayStation 4,
y6o9l4qy,Soul Level 1,2023-01-18,PlayStation 4,
z5xw9gny,Soul Level 1,2022-10-24,PlayStation 4,
zgq625ny,Soul Level 1,2022-10-22,PlayStation 4,
zpddk3nz,Soul Level 1,2022-09-12,PlayStation 4,
y2eejvwy,Soul Level 1,2022-09-12,PC,
yw6jq19m,Soul Level 1,2022-09-02,PC,
zpd8vv8z,Soul Level 1,2022-08-31,PC,
zx7r5k8y,Soul Level 1,2022-07-20,PC,
y60wjnpy,Soul Level 1,2022-07-16,PC,
z52ner5z,Soul Level 1,2022-07-16,PC,
z52n5lnz,Soul Level 1,2022-07-13,PC,
yddg6evy,Soul Level 1,2022-06-07,PlayStation 4,
yddwr5wy,Soul Level 1,2022-05-24,PlayStation 4,
y882dx5y,Soul Level 1,2022-04-27,PC,
yjx9r83z,Soul Level 1,2022-02-20,PlayStation 4,
y6nn69pz,Soul Level 1,2022-01-14,PlayStation 4,
zxlgjkkz,Soul Level 1,2022-01-07,PlayStation 4,
mejx8g2y,Soul Level 1,2021-12-18,PlayStation 4,
mk56q91m,Soul Level 1,2021-11-22,PlayStation 4,
y93qk5ky,Soul Level 1,2021-11-15,PlayStation 4,
ywkjv9ny,Soul Level 1,2021-09-06,PC,
y8edewdy,Soul Level 1,2021-08-28,PC,
zxgrdx5y,Soul Level 1,2021-07-10,Switch,
yd91gvxz,Soul Level 1,2021-02-21,PC,
z18pn99y,Soul Level 1,2021-02-18,PC,
mk7kpv1y,Soul Level 1,2021-02-18,PC,
y9n903ez,Soul Level 1,2021-02-05,PC,
yv2oe4om,Soul Level 1,2021-02-02,PlayStation 4,
yo93r00y,Soul Level 1,2021-01-30,PlayStation 4,
y42w99nm,Soul Level 1,2021-01-26,PC,
yo9j6kjy,Soul Level 1,2021-01-23,PlayStation 4,
y2vq8jjz,Soul Level 1,2021-01-22,PC,
zgx7wgvm,Soul Level 1,2021-01-20,PlayStation 4,
y8rkg7wm,Soul Level 1,2020-12-03,PC,
ylv7kj3m,Soul Level 1,2020-11-11,PC,
z09o46jz,Soul Level 1,2020-11-09,PC,
mr9njkgm,Soul Level 1,2020-10-30,PlayStation 4,
y4ewkxnm,Soul Level 1,2020-10-09,PC,
y2d51g7z,Soul Level 1,2020-10-04,PC,
